average temprature,cloud cover,diurnal temprature range,ground frost frequency,vapour pressure,wet dday frequency,refernce crop evatranspiration,mamaximum temprature,precipitation
13.054,13.054,15.642,7.0195,6.83,1.3421,2.47,23.101,8.411
15.385,15.385,15.378,2.3724,6.994,1.0001,3.2,30.858,3.661
22.985,22.985,15.678,0.0133,7.712,1.0133,4.88,35.626,2.754
27.884,27.884,15.403,0.5616,8.565,0.0002,6.31,39.824,0
32.597,32.597,14.426,0.1868,13.578,1.7247,7.36,41.522,12.213
35.461,35.461,12.087,0,24.734,1.5135,7.35,36.904,16.805
32.462,32.462,8.878,0,29.182,7.7704,5.87,33.963,150.891
29.925,29.925,8.062,0,28.476,5.4945,4.99,35.39,121.403
30.162,30.162,10.454,0,24.448,0.5922,5.04,35.815,0.593
28.132,28.132,15.367,0,13.66,0.5498,4.84,29.551,0.57
21.242,21.242,16.576,0,8.276,0,3.48,25.026,0
16.845,16.845,16.346,0.6945,8.513,1.001,2.68,23.722,3.155
15.878,15.878,15.642,0,7.927,0,2.73,26.04,0
18.361,18.361,15.378,0,7.827,0,3.49,33.017,0
25.143,25.143,15.678,0,9.113,0.5108,5.13,37.126,0.512
29.384,29.384,15.403,0,9.041,1.0226,6.52,40.218,2.33
32.991,32.991,14.426,0,13.378,1.1187,7.4,39.332,5.631
33.289,33.289,12.087,0.0984,22.039,3.663,7.04,35.95,84.1
31.48,31.48,8.878,0,27.774,6.3832,5.75,35.159,122.761
31.104,31.104,8.062,0,30.195,4.9524,5.11,34.433,87.78
29.205,29.205,10.454,0,22.863,3.0949,4.93,34.038,44.544
26.356,26.356,15.367,0,12.255,0.9281,4.66,28.819,1.489
20.508,20.508,16.576,0,8.183,0,3.41,23.471,0
15.289,15.289,16.346,3.6697,7.392,0,2.55,22.579,0
14.734,14.734,15.642,2.1354,7.369,0.9646,2.61,24.215,1.723
16.499,16.499,15.378,1.0072,7.594,0,3.31,28.799,0
20.925,20.925,15.678,0.5105,6.905,0.6496,4.63,34.622,0.65
26.879,26.879,15.403,0.8729,8.182,0,6.18,39.417,0
32.189,32.189,14.426,0.2112,13.011,1.5027,7.3,42.076,8.473
36.014,36.014,12.087,0,25.011,1.0537,7.42,37.191,4.676
32.721,32.721,8.878,0,29.559,7.617,5.89,33.894,189.61
29.787,29.787,8.161,0,27.359,5.8814,5.01,35.199,93.873
29.971,29.971,10.454,0,24.448,3.4549,5,34.223,70.678
26.539,26.539,15.367,0.0206,12.621,1.0132,4.67,28,2.832
19.69,19.69,16.576,0.0042,7.677,0,3.33,23.19,0
15.009,15.009,16.346,4.776,7.273,0.9107,2.55,22.012,2.306
14.167,14.167,15.642,5.1591,7.165,1.0733,2.57,25.082,3.425
17.402,17.402,15.378,0.0047,7.595,0.8408,3.39,29.555,1.199
21.682,21.682,15.678,0.2906,7.187,1.6544,4.71,36.907,19.698
29.166,29.166,15.403,0,8.811,0.5124,6.49,40.025,0.512
32.798,32.798,14.426,0.0051,13.011,1.8315,7.39,39.937,16.858
33.89,33.89,12.087,0,22.582,2.6807,7.13,35.044,33.389
30.594,30.594,8.878,0.0543,27.617,5.0935,5.64,33.069,86.547
29.016,29.016,8.062,0,28.533,5.1683,4.9,34.24,83.288
29.013,29.013,10.454,0,23.876,3.4464,4.92,34.08,104.251
26.397,26.397,15.367,0.0583,12.255,1.0132,4.66,28.421,2.889
20.109,20.109,16.576,0.0025,8.257,1.0001,3.37,24.177,21.778
15.995,15.995,16.346,2.7958,7.912,1.0033,2.62,20.727,16.038
12.901,12.901,15.642,7.6535,6.241,1.7592,2.47,19.802,14.921
12.085,12.085,15.378,3.5549,5.324,1.1189,2.88,27.1,9.257
19.226,19.226,15.678,0.8086,6.046,1.0133,4.44,33.841,2.1
26.1,26.1,15.403,0.9697,7.586,1.0226,6.06,41.624,5.718
34.398,34.398,14.426,0,14.465,0.6973,7.62,41.076,0.698
35.015,35.015,12.087,0,22.831,1.5151,7.29,37.045,13.796
32.575,32.575,8.878,0,28.756,4.8967,5.89,34.713,70.146
30.66,30.66,8.062,0,29.276,1.036,5.07,36.146,1.45
30.918,30.918,10.454,0,25.071,3.6666,5.12,35.054,45.191
27.369,27.369,15.367,0,13.256,0.0002,4.76,30.502,0
22.19,22.19,16.576,0,8.975,0,3.56,24.41,0
16.229,16.229,16.346,1.5544,7.912,0.79,2.62,21.265,1.171
13.419,13.419,15.642,6.3087,6.805,0,2.51,22.64,0
14.922,14.922,15.378,2.4181,6.427,2.3092,3.16,28.87,74.461
20.996,20.996,15.678,0.6807,6.741,1.2192,4.64,35.332,10.098
27.592,27.592,15.403,0.4811,8.343,0,6.27,42.028,0
34.8,34.8,14.426,0,15.111,0.9727,7.66,39.559,1.165
33.499,33.499,12.087,0.0041,21.86,2.9435,7.07,36.337,56.821
31.868,31.868,8.878,0,28.872,6.2957,5.8,34.116,122.75
30.063,30.063,8.062,0,28.604,5.4652,4.99,34.147,92.166
28.92,28.92,10.454,0.0007,22.843,4.9371,4.9,34.837,113.536
27.153,27.153,15.367,0,12.715,0,4.74,30.076,0
21.765,21.765,16.576,0,8.303,0,3.52,25.119,0
16.938,16.938,16.346,0,8.139,1.0014,2.69,24.342,17.754
16.497,16.497,15.642,0,8.229,1.1159,2.77,22.839,4.458
15.121,15.121,15.378,2.2184,6.845,1.4246,3.18,28.164,27.861
20.289,20.289,15.678,0.6528,6.72,1.0133,4.56,33.817,3.115
26.074,26.074,15.403,0.8771,7.782,2.0137,6.07,38.204,25.509
30.975,30.975,14.426,0.499,12.132,1.0002,7.12,39.812,4.728
33.769,33.769,12.087,0,22.93,1.3333,7.12,37.75,9.166
33.298,33.298,8.878,0,30.64,4.4004,5.96,32.934,100.117
28.88,28.88,8.062,0.0561,27.348,7.2551,4.89,34.923,153.713
29.696,29.696,10.454,0,24.857,0.5922,4.99,34.494,0.593
26.913,26.913,15.1,0,12.255,0,4.68,29.532,0
21.223,21.223,16.576,0,8.318,0,3.47,23.137,0
14.956,14.956,16.346,4.4533,7.212,0,2.55,22.529,0
14.685,14.685,15.642,3.2394,7.569,1.6027,2.61,24.984,15.583
17.267,17.267,15.378,0.3404,7.595,1.0001,3.38,30.121,3.94
22.246,22.246,15.678,0.2076,7.495,0,4.79,36.664,0
28.922,28.922,15.403,0,9.007,1.1739,6.46,40.108,8.419
32.879,32.879,14.426,0.0338,13.011,1.0018,7.4,40.722,6.939
34.662,34.662,12.087,0,23.48,1.5893,7.24,34.298,8.641
29.829,29.829,8.878,0.1361,26.097,11.4472,5.56,31.833,336.678
27.78,27.78,8.062,0.3361,25.747,9.0681,4.76,34.15,329.974
28.842,28.842,10.552,0.0696,22.863,3.9492,4.92,33.695,95.359
26.01,26.01,15.367,0.3061,12.021,0,4.62,28.19,0
19.879,19.879,16.576,0.0033,7.675,0.7733,3.34,23.632,1.305
15.451,15.451,16.346,4.6693,7.82,0.0002,2.57,21.661,0
13.835,13.835,15.642,5.8887,6.888,1.0624,2.55,23.801,8.43
16.102,16.102,15.378,1.7669,7.038,1.0328,3.27,30.553,7.503
22.679,22.679,15.678,0.0888,7.849,0,4.84,34.572,0
26.83,26.83,15.403,0.9164,7.912,2.1341,6.16,39.416,38.506
32.19,32.19,14.426,0.2136,12.435,1.5827,7.3,38.922,19.269
32.86,32.86,12.087,0.1071,21.597,3.5662,6.98,33.61,98.133
29.14,29.14,8.878,0.203,25.354,10.3161,5.46,32.532,282.781
28.478,28.478,8.062,0.1431,26.937,5.9,4.83,33.348,122.92
28.121,28.121,10.454,0.3602,22.037,4.7499,4.82,34.172,140.856
26.489,26.489,15.367,0.1992,12.255,0.2584,4.66,29.936,0.257
21.624,21.624,16.576,0,8.668,0,3.5,22.977,0
14.797,14.797,16.346,5.5763,7.23,1.0203,2.52,21.785,15.691
13.959,13.959,15.642,4.7807,7.424,1.0747,2.55,24.88,5.574
17.164,17.164,15.378,0.2204,7.595,1.0001,3.38,30.454,3.895
22.581,22.581,15.678,0.0638,7.712,0.4248,4.83,34.651,0.426
26.908,26.908,15.403,0.8177,8.075,1.0366,6.18,40.523,7.389
33.296,33.296,14.426,0,13.011,0.496,7.45,39.285,0.496
33.224,33.224,12.087,0.0031,22.012,3.1043,7.03,34.756,39.527
30.288,30.288,8.878,0.0699,26.914,6.094,5.59,32.879,112.054
28.824,28.824,8.062,0.0991,27.375,7.4657,4.88,34.491,200.926
29.263,29.263,10.454,0,22.863,2.8202,4.94,32.981,61.404
25.299,25.299,15.367,0.6235,11.886,1.0132,4.54,27.708,5.099
19.426,19.426,16.576,0.0049,7.478,0,3.3,23.71,0
15.53,15.53,16.346,3.556,7.683,0.0002,2.57,23.78,0
15.937,15.937,15.642,0.8923,7.654,1.5914,2.73,25.262,12.893
17.545,17.545,15.378,0.0004,7.594,0,3.41,28.401,0
20.525,20.525,15.678,0.659,6.547,1.8247,4.58,35.848,25.03
28.122,28.122,15.403,0.4029,9.007,0.9102,6.36,41.443,1.585
34.215,34.215,14.426,0,14.097,0.2007,7.59,39.445,0.201
33.403,33.403,12.087,0,21.897,2.3178,7.06,37.785,46.328
33.314,33.314,8.878,0,30.673,2.9329,5.96,35.611,20.881
31.557,31.557,8.062,0,30.978,2.7685,5.16,34.378,25.046
29.151,29.151,10.454,0.0003,23.358,4.6483,4.93,34.481,96.193
26.799,26.799,15.367,0,12.549,1.0132,4.7,26.797,7.762
18.515,18.515,16.576,0.0108,7.108,1.0001,3.22,23.842,37.188
15.661,15.661,16.346,3.6558,7.912,0,2.59,23.202,0
15.377,15.377,15.642,1.3406,7.943,1.6112,2.66,25.956,8.993
18.239,18.239,15.378,0,7.748,1.0001,3.48,29.665,6.24
21.793,21.793,15.678,0.3269,7.552,0.9171,4.73,36.236,0.957
28.536,28.536,15.403,0.1737,9.007,1.855,6.41,40.471,13.836
33.244,33.244,14.426,0,13.588,1.0006,7.45,41.561,8.207
35.5,35.5,12.087,0,24.505,2.1191,7.35,35.75,34.441
31.281,31.281,8.878,0,28.175,6.8583,5.72,32.969,127.702
28.915,28.915,8.062,0.0001,27.276,7.1028,4.89,33.532,155.132
28.305,28.305,10.454,0.1116,22.863,2.9632,4.84,34.081,79.891
26.399,26.399,15.367,0,12.255,1.0132,4.66,27.749,7.081
19.466,19.466,16.576,0.0048,7.637,0.9996,3.31,23.721,9.69
15.541,15.541,16.346,3.796,7.912,0.2079,2.57,23.187,0.207
15.343,15.343,15.642,1.0037,7.47,0.4261,2.66,24.538,0.427
16.86,16.86,15.378,0.7375,7.511,1.3671,3.33,28.017,14.609
20.144,20.144,15.678,0.6905,6.502,1.0169,4.54,37.151,3.423
29.408,29.408,15.403,0,8.925,1.0226,6.53,38.572,2.775
31.372,31.372,14.426,0.3575,12.321,2.323,7.18,37.78,19.838
31.719,31.719,12.087,0.3307,20.539,3.3236,6.82,34.251,79.192
29.8,29.8,8.878,0.0649,26.973,5.4416,5.54,34.026,65.064
29.972,29.972,8.062,0,28.101,3.8732,5,35.285,34.859
30.057,30.057,10.454,0,23.952,2.2808,5.03,35.207,25.03
27.524,27.524,15.367,0,13.256,0,4.78,28.778,0
20.495,20.495,16.576,0.0015,8.276,1.0001,3.41,23.498,4.734
15.317,15.317,16.346,3.6834,7.827,1.0053,2.56,24.637,4.29
16.795,16.795,15.642,0,8.156,1.2344,2.78,23.864,5.601
16.147,16.147,15.378,1.4136,7.354,1.0001,3.27,29.596,4.93
21.724,21.724,15.678,0.355,7.185,0.5356,4.73,35.956,0.536
28.216,28.216,15.403,0.2226,8.382,1.4598,6.37,40.993,12.141
33.767,33.767,14.426,0,14.335,1.7404,7.53,39.096,12.658
33.034,33.034,12.087,0.0767,22.097,3.5035,7,34.655,50.497
30.206,30.206,8.878,0.0913,26.973,7.1216,5.59,33.631,203.488
29.578,29.578,8.062,0,27.276,4.743,4.95,34.426,64.715
29.198,29.198,10.454,0,22.863,4.4072,4.93,33.039,122.267
25.357,25.357,15.367,0.6034,11.708,1.0143,4.56,29.241,3.021
21.057,21.057,16.333,0,8.276,1.0001,3.44,23.033,18.437
14.852,14.852,16.346,5.092,7.245,0.0006,2.54,22.252,0.001
14.409,14.409,15.642,2.9997,7.169,1.3352,2.58,22.956,11.254
15.24,15.24,15.378,2.2268,6.525,1.7917,3.19,30.391,26.102
22.516,22.516,15.678,0.081,7.613,2.1362,4.82,35.98,22.264
28.253,28.253,15.403,0.2594,9.007,1.6426,6.38,42.214,14.312
34.987,34.987,14.426,0,15.08,0.3584,7.69,40.737,0.359
34.674,34.674,12.087,0,22.706,1.8298,7.23,37.892,16.225
33.451,33.451,8.878,0,30.539,5.1314,5.96,34.742,54.991
30.688,30.688,8.062,0,30,3.2469,5.07,36.3,40.769
31.073,31.073,10.454,0,26.132,2.3922,5.14,35.407,37.434
27.725,27.725,15.367,0,13.229,1.1512,4.79,29.091,19.287
20.779,20.779,16.576,0,8.22,0,3.44,24.709,0
16.527,16.527,16.346,1.7111,7.912,0.0029,2.66,23.431,0.003
15.588,15.588,15.642,0.5761,7.732,0.35,2.68,23.569,0.349
15.851,15.851,15.378,1.4962,6.997,1.2073,3.24,32.822,11.086
24.918,24.918,15.777,0,9.036,0.5355,5.14,37.212,0.536
29.497,29.497,15.403,0,9.225,1.1183,6.54,39.717,8.949
32.49,32.49,14.426,0.2435,13.158,2.2552,7.34,38.755,26.351
32.694,32.694,12.087,0.1456,21.606,3.2099,6.96,35.537,44.482
30.787,30.787,9.419,0,27.263,6.6395,5.84,32.46,149.879
28.406,28.406,8.062,0.048,27.267,8.4829,4.83,33.858,239.757
28.63,28.63,10.454,0.0475,22.863,3.8488,4.89,32.986,89.243
25.302,25.302,15.367,0.4126,12.003,1.0252,4.55,26.73,13.896
18.447,18.447,16.576,0.0064,7.018,0,3.22,22.886,0
14.722,14.722,16.346,4.9245,7.273,0,2.51,23.036,0
15.192,15.192,15.642,2.126,7.549,1.0624,2.65,25.031,4.837
17.351,17.351,15.378,0.0127,7.769,1.0001,3.39,30.048,10.612
22.175,22.175,15.678,0.1494,7.595,1.0133,4.78,33.044,2.105
25.302,25.302,15.403,1.2259,6.98,2.3852,5.96,36.385,27.814
29.156,29.156,14.426,0.7756,10.506,3.1264,6.85,38.37,58.875
32.31,32.31,12.087,0.1961,21.333,4.9777,6.9,33.776,89.937
29.308,29.308,8.878,0.2292,26.267,8.6294,5.48,32.09,174.247
28.037,28.037,8.062,0.2725,27.108,8.5734,4.78,32.41,228.304
27.183,27.183,10.454,0.5849,21.491,6.0903,4.72,31.942,180.663
24.256,24.256,15.367,1.0972,10.988,1.2032,4.43,26.205,17.048
17.895,17.895,16.576,0.0177,6.803,0,3.18,23.808,0
15.626,15.626,16.346,3.5993,8.011,1.002,2.58,21.554,11.452
13.711,13.711,15.642,5.1572,6.969,1.0624,2.54,25.417,1.821
17.699,17.699,15.378,0.0989,7.595,0,3.42,30.172,0
22.297,22.297,15.678,0.2352,7.669,1.0169,4.79,33.62,3.916
25.878,25.878,15.403,1.0365,7.512,1.2152,6.04,41.893,2.787
34.665,34.665,14.426,0,13.922,1.0405,7.66,39.532,1.974
33.472,33.472,12.087,0,21.832,1.7545,7.07,37.687,11.573
33.218,33.218,8.878,0,31.746,2.1312,5.95,34.759,12.239
30.705,30.705,8.062,0,29.915,4.96,5.06,34.772,89.04
29.545,29.545,10.454,0,23.551,1.0123,4.98,34.638,5.127
26.956,26.956,15.367,0,12.255,0,4.72,28.764,0
20.481,20.481,16.576,0.0005,8.276,0.0002,3.41,22.926,0
14.763,14.763,16.346,5.4682,7.246,0.947,2.51,22.663,3.474
14.619,14.619,16.069,4.0432,7.068,1.9006,2.64,23.785,23.04
16.067,16.067,15.378,1.4797,7.251,1.0001,3.27,30.821,2.505
22.947,22.947,15.678,0.0614,7.732,0.9744,4.88,35.188,1.176
27.446,27.446,15.403,0.6247,8.242,1.098,6.25,39.21,24.07
31.982,31.982,14.426,0.1258,12.811,1.2196,7.26,41.6,9.582
35.558,35.558,12.087,0,24.655,0.4338,7.35,35.163,0.434
30.695,30.695,8.878,0.0005,27.346,7.0581,5.66,32.66,100.678
28.606,28.606,8.062,0.0596,27.267,6.4815,4.83,33.898,194.926
28.671,28.671,10.454,0.0784,22.898,2.076,4.89,33.837,96.274
26.154,26.154,15.367,0.1269,12.255,0,4.62,27.99,0
19.681,19.681,16.576,0.0034,7.915,1.0001,3.33,23.076,7.298
14.795,14.795,16.544,4.8655,7.312,1.0014,2.55,22.189,4.285
14.362,14.362,15.642,1.8377,7.435,1.0646,2.59,23.802,3.387
16.143,16.143,15.293,1.17,7.328,1.0001,3.26,30.446,4.602
22.543,22.543,15.744,0.0414,7.712,1.0133,4.83,35.191,4.688
27.532,27.532,15.259,0.522,8.366,1.6374,6.23,36.268,12.42
29.04,29.04,14.426,0.7688,10.567,2.2088,6.83,37.577,26.816
31.516,31.516,12.087,0.4641,20.242,3.7038,6.79,34.461,116.236
29.993,29.993,8.878,0.0273,27.262,8.1058,5.58,33.514,212.791
29.46,29.46,8.062,0,28.626,4.2322,4.93,35.976,50.446
30.748,30.748,10.454,0,25.736,0.9115,5.11,35.241,0.912
27.557,27.557,15.367,0,13.256,0.039,4.78,29.86,0.039
21.548,21.548,16.576,0,8.376,0,3.5,24.217,0
16.034,16.034,16.346,2.2155,7.838,0,2.62,23.228,0
15.403,15.403,15.642,0.9312,7.574,1.0628,2.67,25.444,5.762
17.728,17.728,15.378,0,7.595,0,3.44,33.277,0
25.473,25.473,15.577,0,9.781,0,5.16,38.866,0
31.124,31.124,15.403,0,10.316,1.0226,6.78,41.996,1.969
34.769,34.769,14.426,0,15.218,0.2001,7.66,41.33,0.2
35.283,35.283,12.087,0,23.425,1.5402,7.31,37.382,10.761
32.912,32.912,8.878,0,30.115,8.9537,5.92,33.271,170.679
29.217,29.217,8.062,0.0198,27.333,5.5956,4.91,34.12,181.371
28.893,28.893,10.454,0.0041,22.882,3.7892,4.91,33.393,79.592
25.571,25.571,15.571,0.3126,12.255,1.0132,4.6,28.761,2.73
20.451,20.451,16.576,0.0023,8.273,0,3.4,25.692,0
17.509,17.509,16.346,0,8.513,0.79,2.74,21.947,1.171
14.102,14.102,15.642,3.9487,7.184,1.1088,2.55,26.01,4.299
18.331,18.331,15.378,0,7.809,0.8325,3.49,31.394,0.833
23.519,23.519,15.678,0,7.937,0.2806,4.94,36.632,0.28
28.89,28.89,15.403,0,8.97,0.9827,6.45,40.09,3.677
32.862,32.862,14.426,0,13.164,1.0001,7.4,39.127,2.363
33.065,33.065,12.087,0.0011,22.012,2.3286,7.01,35.79,26.056
31.321,31.321,8.878,0,27.598,5.9532,5.74,33.378,142.088
29.343,29.343,8.062,0.0007,27.376,3.849,4.92,33.688,64.667
28.46,28.46,10.454,0.1643,22.863,4.7784,4.87,33.315,102.455
25.433,25.433,15.666,0.4452,12.255,1.0132,4.6,28.262,3.627
19.95,19.95,16.576,0.0021,8.276,0,3.35,23.62,0
15.438,15.438,16.346,3.6653,7.873,1.0125,2.57,22.204,9.461
14.36,14.36,15.642,2.7639,7.273,1.1894,2.57,23.975,4.815
16.258,16.258,15.378,1.4717,7.27,1.7021,3.28,31.315,23.729
23.441,23.441,15.678,0,7.712,0.7998,4.94,36.897,0.8
29.155,29.155,15.403,0,9.007,0.5126,6.49,39.167,0.512
31.94,31.94,14.426,0.2295,12.947,1.7571,7.26,41.384,15.103
35.339,35.339,12.087,0,24.531,1.2422,7.32,35.539,14.556
31.071,31.071,8.878,0,27.208,8.4761,5.7,32.267,229.289
28.213,28.213,8.062,0.255,27.184,7.546,4.81,34.528,183.926
29.3,29.3,10.454,0,22.863,1.3346,4.94,33.416,10.233
25.733,25.733,15.367,0.3326,12.255,1.0132,4.59,28.093,1.803
19.782,19.782,16.576,0.0026,7.676,0,3.34,23.76,0
15.579,15.579,16.346,3.2986,7.686,1.011,2.57,21.586,13.218
13.743,13.743,15.642,5.0948,6.954,1.9408,2.54,24.561,16.3
16.842,16.842,15.378,1.1703,7.53,1.0054,3.33,31.858,7.782
23.983,23.983,15.678,0,8.245,0.9327,5.01,36.703,0.998
28.989,28.989,15.403,0,8.99,0.8213,6.47,37.333,1.072
30.107,30.107,14.426,0.661,11.269,1.6024,6.99,41.152,14.652
35.092,35.092,12.087,0,23.873,1.6332,7.29,36.298,21.463
31.828,31.828,8.878,0,28.35,6.6157,5.79,33.042,81.37
28.99,28.99,8.062,0,27.31,5.8278,4.9,32.531,133.945
27.303,27.303,10.454,0.5009,22.08,4.867,4.72,32.973,137.78
25.108,25.108,15.647,0.2832,11.888,1.0132,4.57,27.641,8.262
19.33,19.33,16.576,0.0041,8.042,1.0001,3.3,23.817,2.052
15.636,15.636,16.346,2.8289,7.912,1.0094,2.58,20.45,21.255
12.653,12.653,15.543,6.8088,6.598,1.0624,2.43,22.484,1.315
14.768,14.768,15.378,2.4368,6.457,0,3.15,31.231,0
23.358,23.358,15.678,0.0011,7.828,0,4.93,38.235,0
30.474,30.474,15.486,0,9.878,0,6.71,39.674,0
32.447,32.447,14.426,0.0907,13.011,1.5836,7.33,36.763,14.289
30.702,30.702,12.087,0.5843,19.352,4.2056,6.68,33.489,80.06
29.021,29.021,8.878,0.2876,25.668,8.5319,5.47,34.043,159.802
29.989,29.989,8.062,0,28.372,4.5048,4.99,35.764,48.559
30.537,30.537,10.454,0,24.495,1.0048,5.09,34.69,4.67
27.007,27.007,15.367,0,13.226,0.2196,4.71,27.569,0.219
19.258,19.258,16.576,0.0049,7.691,1.0001,3.29,23.72,27.459
15.539,15.539,16.346,2.6604,7.748,0,2.57,23.002,0
15.157,15.157,15.642,2.1189,7.407,1.0624,2.65,26.611,8.277
18.892,18.892,15.378,0,8.503,0,3.54,29.282,0
21.408,21.408,15.678,0.4319,7.246,1.8122,4.69,33.107,16.488
25.365,25.365,15.403,1.2228,7.342,1.1433,5.97,37.705,8.082
30.505,30.505,14.426,0.5524,11.862,2.0608,7.05,41.219,14.546
35.157,35.157,12.087,0,23.887,1.0269,7.3,36.21,1.949
31.741,31.741,8.878,0,28.8,7.7955,5.78,32.8,211.426
28.746,28.746,8.062,0.1094,27.277,7.8195,4.86,33.313,183.77
28.086,28.086,10.454,0.252,22.863,3.0554,4.82,33.222,72.508
25.513,25.513,15.394,0.4044,11.822,0,4.57,26.595,0
18.245,18.245,16.658,0.0129,7.018,1.0001,3.21,23.141,2.82
14.959,14.959,16.346,4.7439,7.339,1.0014,2.55,20.791,5.908
12.994,12.994,15.575,7.0428,6.441,0,2.47,22.345,0
14.627,14.627,15.378,2.4153,6.51,1.1469,3.12,29.211,16.164
21.309,21.309,15.777,0.5015,7.147,1.2081,4.69,35.124,4.762
27.384,27.384,15.403,0.7482,8.307,1.0226,6.24,38.976,1.735
31.749,31.749,14.426,0.3452,12.638,1.4408,7.23,40.19,18.048
34.128,34.128,12.087,0,22.448,1.76,7.16,34.818,13.633
30.364,30.364,8.878,0.0688,26.93,8.3261,5.62,32.494,180.008
28.44,28.44,8.062,0.2211,27.276,7.8882,4.83,33.712,165.025
28.485,28.485,10.454,0.1163,22.863,1.9711,4.87,34.149,15.001
26.466,26.466,15.367,0.0659,12.255,1.0868,4.66,27.982,10.659
19.672,19.672,16.576,0.0022,7.871,0,3.33,24.648,0
16.466,16.466,16.346,1.174,8.04,1.0017,2.66,21.956,17.94
14.11,14.11,15.642,4.5047,7.23,1.0848,2.56,25.302,5.066
17.601,17.601,15.378,0,7.595,1.1765,3.41,30.914,14.699
23.04,23.04,15.678,0.0503,7.712,1.0133,4.89,35.913,2.924
28.186,28.186,15.403,0.2023,8.925,1.2964,6.37,41.666,7.997
34.437,34.437,14.426,0,14.112,1.0001,7.62,40.217,3.986
34.155,34.155,12.087,0,22.012,1.8944,7.16,35.904,21.499
31.435,31.435,8.878,0,28.674,7.0806,5.75,34.471,93.6
30.418,30.418,8.062,0,29.17,7.0949,5.04,34.545,138.098
29.317,29.317,10.454,0,23.847,2.7676,4.95,34.597,35.309
26.914,26.914,15.367,0,12.258,1.206,4.71,29.191,8.393
20.824,20.824,16.658,0,8.276,1.0001,3.45,22.935,19.847
14.853,14.853,16.147,5.0476,7.669,1.0061,2.51,22.127,4.131
14.282,14.282,15.642,3.8452,7.23,1.0189,2.58,23.471,1.477
15.753,15.753,15.378,1.8978,6.996,0,3.25,32.848,0
24.988,24.988,15.678,0,9.007,0,5.13,36.853,0
29.113,29.113,15.403,0,9.008,1.2215,6.49,40.435,11.781
33.208,33.208,14.426,0,13.309,1.0001,7.44,39.981,9.932
33.937,33.937,12.087,0,21.956,2.5328,7.14,34.689,10.897
30.22,30.22,8.878,0.0428,26.958,6.8377,5.59,32.845,171.355
28.79,28.79,8.062,0.1136,27.295,6.5169,4.86,35.137,84.573
29.909,29.909,10.454,0,23.712,1.0048,5.01,34.03,5.741
26.348,26.348,15.367,0.0925,12.255,0.2584,4.66,29.15,0.257
20.839,20.839,16.576,0,8.336,0,3.45,22.407,0
14.225,14.225,16.346,6.3958,7.07,1.0094,2.49,21.596,20.078
13.75,13.75,15.642,4.9593,6.931,1.075,2.53,24.364,11.377
16.701,16.701,15.277,0.7108,7.594,1.174,3.31,30.975,8.622
23.101,23.101,15.678,0,7.712,0,4.91,35.161,0
27.419,27.419,15.403,0.5918,8.242,1.618,6.25,39.524,7.341
32.297,32.297,14.426,0.1535,13.011,1.8441,7.3,38.577,19.728
32.515,32.515,12.087,0.0766,21.947,3.6321,6.93,33.567,70.291
29.097,29.097,8.878,0.2529,25.301,8.7134,5.47,33.189,215.581
29.137,29.137,8.062,0,27.295,3.9156,4.91,34.732,34.374
29.505,29.505,10.454,0,24.213,1.7256,4.97,34.306,12.022
26.622,26.622,15.367,0,12.255,1.0303,4.69,27.751,5.674
19.439,19.439,16.576,0.0033,7.575,1.0001,3.31,23.666,4.158
15.487,15.487,16.346,3.5832,7.503,0.4622,2.57,23.148,0.463
15.303,15.303,15.642,0.2305,7.868,0.7827,2.67,21.981,0.788
14.303,14.303,15.378,2.7039,6.362,1.0082,3.09,29.289,7.636
21.414,21.414,15.678,0.3366,7.246,1.0133,4.69,37.057,3.096
29.314,29.314,15.486,0,9.343,1.0226,6.52,39.625,2.552
32.398,32.398,14.426,0.0294,13.011,1.0652,7.32,40.119,7.558
34.058,34.058,12.023,0,23.025,1.0614,7.14,35.005,7.365
30.554,30.554,8.878,0,27.992,8.1723,5.64,33.314,178.037
29.279,29.279,8.062,0,27.54,7.8479,4.92,33.604,194.713
28.315,28.315,10.552,0.1031,22.864,2.6233,4.87,33.111,36.024
25.428,25.428,15.367,0.5011,11.844,1.2579,4.55,27.982,17.723
19.673,19.673,16.576,0.0031,7.986,0,3.33,24.321,0
16.139,16.139,16.346,1.4198,8.038,0,2.62,24.992,0
17.149,17.149,15.642,0,9.078,0.0006,2.82,24.407,0.001
16.707,16.707,15.378,0.6591,7.337,0.4168,3.33,31.205,0.417
23.248,23.248,15.859,0,7.712,1.0721,4.95,35.804,6.17
28.077,28.077,15.403,0.2351,8.876,1.0226,6.35,39.218,5.216
31.991,31.991,14.426,0.155,12.546,1.0001,7.27,41.184,5.907
35.124,35.124,12.087,0,24.238,1.571,7.3,35.17,9.862
30.7,30.7,8.878,0,27.11,5.6362,5.66,32.313,113.841
28.261,28.261,8.062,0.2157,27.349,7.6612,4.81,34.969,151.962
29.742,29.742,10.454,0,23.676,3.3141,4.99,34.171,80.201
26.488,26.488,15.367,0.0005,12.255,0,4.66,27.817,0
19.506,19.506,16.576,0.0038,7.674,0,3.31,23.913,0
15.749,15.749,16.246,3.1479,7.912,0.0008,2.59,20.674,0.001
12.511,12.511,16.307,7.5308,6.457,0.2585,2.49,24.922,0.257
17.26,17.26,15.277,0.0574,7.595,1.1581,3.37,30.273,15.204
22.4,22.4,15.678,0.0954,7.712,1.0133,4.8,34.434,3.404
26.708,26.708,15.403,0.9814,7.894,1.0226,6.15,37.432,11.178
30.231,30.231,14.426,0.6099,11.668,2.3348,7.01,38.829,35.28
32.769,32.769,12.087,0.0298,22,4.7318,6.97,34.183,116.546
29.713,29.713,8.878,0.1299,26.628,5.9128,5.54,31.334,103.636
27.28,27.28,8.062,0.4009,25.61,9.449,4.7,32.965,346.646
27.739,27.739,10.454,0.4788,22.231,4.1273,4.77,33.065,96.847
25.383,25.383,15.367,0.4332,12.086,1.0424,4.54,28.064,6.264
19.798,19.798,16.447,0.0027,7.761,0.0006,3.33,24.32,0.001
16.138,16.138,16.346,1.5013,8.093,0,2.62,20.287,0
12.442,12.442,15.642,7.704,6.489,1.1666,2.42,26.475,5.624
18.677,18.677,15.546,0,8.037,0,3.55,29.415,0
21.541,21.541,15.678,0.4312,7.212,1.6645,4.71,35.858,14.851
28.131,28.131,15.403,0.383,9.007,0,6.35,39.114,0
31.888,31.888,14.426,0.2346,12.844,1.0001,7.25,38.985,4.018
32.941,32.941,12.087,0.1182,21.974,3.5811,6.98,35.055,67.105
30.587,30.587,8.878,0.0103,26.958,6.097,5.64,32.515,169.095
28.463,28.463,8.062,0.233,27.245,7.5816,4.83,34.821,187.625
29.594,29.594,10.454,0,23.552,1.2684,4.98,33.423,9.426
25.687,25.687,15.447,0.5872,11.529,0,4.61,28.394,0
20.082,20.082,16.576,0.0027,7.886,0,3.35,24.72,0
16.538,16.538,16.346,0.4491,8.054,1.0039,2.66,20.446,12.735
12.6,12.6,15.642,7.5203,6.77,1.495,2.44,25.006,13.441
17.326,17.326,15.378,0.0407,7.611,1.3752,3.38,30.48,12.754
22.608,22.608,15.678,0.1468,7.598,1.0133,4.83,33.164,5.382
25.422,25.422,15.403,1.2726,7.057,1.7042,5.97,40.069,27.342
32.84,32.84,14.429,0,13.27,0.8385,7.4,40.794,1.21
34.75,34.75,12.005,0,23.398,1.6261,7.22,34.482,25.733
30.012,30.012,8.878,0.0515,26.973,8.6679,5.57,32.681,178.576
28.545,28.545,8.189,0.0866,27.268,4.471,4.87,33.552,90.614
28.281,28.281,10.552,0.0946,22.863,4.2836,4.87,33.191,105.925
25.508,25.508,15.367,0.4128,11.845,1.0205,4.56,28.934,3.813
20.623,20.623,16.576,0,8.275,1.0001,3.41,23.639,4.298
15.458,15.458,16.346,3.107,7.873,1.002,2.57,21.024,2.066
13.178,13.178,15.642,6.4846,6.803,0.4987,2.48,25.597,0.5
17.553,17.553,16.006,0.2902,7.437,1.1679,3.48,29.46,10.806
21.556,21.556,15.759,0.4262,7.131,1.0577,4.71,35.83,8.574
28.089,28.089,15.403,0.3447,8.316,0.7417,6.34,42.108,1.004
34.88,34.88,14.426,0,15.083,0.239,7.68,37.704,0.238
31.642,31.642,12.087,0.4255,19.925,5.1735,6.8,34.301,154.984
29.846,29.846,8.878,0.0728,26.972,5.8492,5.55,32.4,98.644
28.347,28.347,8.062,0.0426,27.276,5.5827,4.81,33.866,88.094
28.639,28.639,10.454,0,22.735,3.4444,4.89,34.244,62.315
26.397,26.397,15.631,0.3352,11.989,0.1472,4.69,28.26,0.147
19.95,19.95,16.576,0.0019,8.276,1.0001,3.36,23.692,26.411
15.512,15.512,16.346,2.593,7.973,1.0094,2.57,21.812,15.066
13.984,13.984,15.642,4.827,7.03,0,2.55,24.832,0
17.116,17.116,15.378,0,7.437,2.5305,3.37,28.688,47.08
20.815,20.815,15.678,0.5747,7.284,0.0002,4.62,34.547,0
26.805,26.805,15.403,0.8664,8.225,1.3508,6.17,40.217,7.552
32.989,32.989,14.426,0.0368,13.011,1.0005,7.4,40.416,1.675
34.374,34.374,12.087,0,22.746,1.6068,7.19,34.249,17.434
29.779,29.779,8.878,0.0952,26.665,8.206,5.54,34.15,241.122
29.996,29.996,8.288,0,29.763,1.6035,5.06,34.556,4.363
29.328,29.328,10.454,0,22.863,3.3984,4.95,32.785,77.677
25.101,25.101,15.338,0.5403,11.804,0.5498,4.51,27.786,0.57
19.475,19.475,16.576,0.0019,7.953,0,3.31,22.063,0
13.633,13.633,16.813,6.6175,7.212,1.0065,2.47,21.296,5.778
13.45,13.45,15.642,5.2225,7.111,1.5408,2.51,23.012,11.028
15.333,15.333,15.38,1.9751,7.036,0.7545,3.2,31.773,0.757
23.914,23.914,15.678,0,8.346,1.0133,5,36.761,3.444
29.047,29.047,15.403,0,9.329,1.019,6.47,41.936,1.767
34.707,34.707,14.426,0,13.662,0.5973,7.66,38.443,0.597
32.397,32.397,12.087,0.2668,20.871,3.9908,6.93,36.025,61.431
31.654,31.654,8.749,0,26.582,6.274,5.73,34.234,83.149
30.178,30.178,8.062,0,28.215,4.1017,5.02,35.682,57.267
30.454,30.454,10.454,0,25.444,1.3869,5.08,35.139,10.986
27.456,27.456,15.367,0,12.992,0.4939,4.77,27.058,0.495
18.749,18.749,16.576,0.0053,7.674,0,3.26,23.34,0
15.157,15.157,16.346,2.8245,7.909,0.9107,2.55,23.071,2.306
15.227,15.227,15.642,0.9039,7.888,0.0002,2.65,25.231,0
17.512,17.512,15.378,0.0807,7.437,1.4719,3.41,27.839,17.173
19.965,19.965,15.678,0.6867,6.475,1.0247,4.52,34.334,6.213
26.62,26.62,15.403,1.0263,7.987,0.5021,6.14,41.234,0.501
33.907,33.907,14.553,0,13.755,0.2393,7.57,38.15,0.239
32.039,32.039,12.153,0.2668,21.011,2.921,6.89,35.3,49.776
30.847,30.847,8.878,0,26.743,4.6121,5.68,35.034,34.151
30.981,30.981,8.062,0,29.853,4.3051,5.09,35.365,76.18
30.137,30.137,10.454,0,24.254,2.7373,5.04,35.007,32.287
27.323,27.323,15.367,0,12.786,0,4.75,28.477,0
20.166,20.166,16.576,0.0016,8.176,0,3.37,24.628,0
16.446,16.446,16.346,0.5899,8.088,0,2.66,23.005,0
15.16,15.16,15.642,1.1523,7.385,1.6505,2.65,24.578,10.622
16.834,16.834,15.442,0.6141,7.437,1.4255,3.35,29.092,23.339
21.217,21.217,15.678,0.5676,6.646,1.0133,4.66,34.813,5.644
27.113,27.113,15.403,0.8789,8.143,0,6.2,41.001,0
33.773,33.773,14.426,0,13.9,0.8237,7.52,39.802,1.073
33.741,33.741,12.087,0,21.916,2.0494,7.11,35.748,17.445
31.297,31.297,8.878,0,27.803,7.6741,5.72,32.49,145.167
28.436,28.436,8.062,0.0774,27.348,6.6237,4.83,33.814,169.155
28.586,28.586,10.454,0.0158,22.783,1.1832,4.88,34.413,2.158
26.729,26.729,15.367,0.0004,12.514,0.9733,4.7,29.646,1.423
21.364,21.364,16.576,0,8.309,0.5372,3.49,23.846,0.643
15.665,15.665,16.346,2.7398,7.912,0.1155,2.59,21.449,0.115
13.605,13.605,15.642,5.5955,7.131,1.4588,2.52,25.946,14.967
18.23,18.23,15.378,0,7.91,1.0001,3.48,33.119,1.843
25.119,25.119,15.943,0,8.771,1.0133,5.17,38.781,1.465
30.981,30.981,15.588,0,9.866,0,6.8,41.301,0
34.073,34.073,14.426,0,14.211,1.6582,7.57,38.384,14.726
32.325,32.325,12.087,0.238,21.898,2.1046,6.9,36.48,49.059
32.012,32.012,8.878,0,27.582,5.323,5.81,34.208,31.345
30.174,30.174,8.062,0,28.672,4.2755,5.02,34.689,73.711
29.462,29.462,10.454,0,23.662,2.971,4.98,36.51,30.183
28.827,28.827,15.367,0,13.564,0.616,4.92,28.918,0.807
20.606,20.606,16.576,0,8.276,0,3.43,24.843,0
16.661,16.661,16.346,0.2135,8.485,1.0014,2.67,21.246,2.383
13.401,13.401,15.642,6.0697,7.03,1.1942,2.51,25.661,6.49
17.944,17.944,15.378,0,7.611,1.2867,3.45,31.979,11.782
24.093,24.093,15.743,0,8.571,0.0782,5.04,38.13,0.079
30.387,30.387,15.403,0,9.443,1.0733,6.67,40.592,11.04
33.364,33.364,14.426,0,13.011,1.4725,7.47,40.719,18.498
34.657,34.657,12.087,0,23.398,2.653,7.24,33.829,38.1
29.393,29.393,8.905,0.1694,26.955,9.9725,5.51,32.04,376.415
27.987,27.987,8.062,0.2666,27.376,6.3826,4.78,32.495,109.711
27.269,27.269,10.454,0.3834,22.936,3.6448,4.73,33.539,119.453
25.856,25.856,15.367,0.2727,12.255,0,4.59,29.428,0
21.118,21.118,16.576,0,8.376,0,3.47,22.476,0
14.23,14.23,16.474,5.5932,7.212,1.005,2.49,21.986,5.635
14.16,14.16,15.642,3.7263,7.111,1.0723,2.57,24.681,2.724
16.966,16.966,15.378,0.4703,7.611,0,3.35,31.514,0
23.641,23.641,15.678,0,7.712,0,4.96,34.7,0
26.958,26.958,15.403,0.7317,7.985,1.4132,6.18,40.014,17.821
32.816,32.816,14.326,0,14.193,1.0488,7.36,39.128,1.279
33.067,33.067,12.087,0.0161,21.898,2.7404,7.01,34.265,20.688
29.713,29.713,9.086,0.061,26.847,8.8099,5.6,32.061,266.187
28.007,28.007,8.062,0.2085,27.267,5.1605,4.78,34.55,45.894
29.322,29.322,10.454,0,22.763,3.6364,4.95,33.764,79.392
26.08,26.08,15.367,0.2371,12.19,0,4.62,29.101,0
20.79,20.79,16.576,0,8.577,0,3.45,25.063,0
16.881,16.881,16.346,0,8.072,0,2.69,21.632,0
13.787,13.787,15.642,4.7727,7.027,1.4718,2.54,24.283,18.047
16.566,16.566,15.378,1.2673,7.372,1.5704,3.32,29.349,21.699
21.475,21.475,15.678,0.4017,7.412,1.7461,4.69,35.592,25.19
27.831,27.831,15.486,0.5279,8.39,2.2655,6.32,41.051,24.129
33.825,33.825,14.426,0,14.101,0.7873,7.53,39.253,0.935
33.208,33.208,12.087,0.0275,21.95,2.4693,7.03,34.672,34.552
30.02,30.02,9.259,0.1347,26.742,9.0297,5.7,32.935,252.735
28.881,28.881,8.062,0.0027,27.384,8.8278,4.89,33.795,209.159
28.568,28.568,10.454,0.0043,22.697,2.8805,4.87,32.599,56.213
24.915,24.915,15.367,0.5413,11.456,1.0132,4.5,29.172,13.399
20.888,20.888,16.576,0,8.276,0,3.45,24.346,0
16.264,16.264,16.138,1.1921,8.332,0.0005,2.62,20.055,0.001
12.211,12.211,15.642,7.6547,6.275,1.5291,2.41,23.542,12.455
15.861,15.861,15.378,1.577,7.011,0,3.25,31.09,0
23.215,23.215,15.678,0,7.685,0.0002,4.91,34.813,0
27.113,27.113,15.403,0.699,8.224,1.6999,6.2,39.708,13.369
32.48,32.48,14.426,0.2716,12.851,1.6475,7.34,39.885,23.651
33.84,33.84,12.087,0.0137,22.61,2.3915,7.12,34.137,33.318
29.668,29.668,8.878,0.1056,25.49,8.4183,5.54,33.381,223.288
29.345,29.345,8.062,0,27.461,6.4524,4.92,33.532,158.059
28.305,28.305,10.454,0.2386,22.863,5.9887,4.84,33.348,118.881
25.665,25.665,15.367,0.3716,11.416,1.0132,4.59,28.502,1.466
20.189,20.189,16.576,0.0023,7.961,0,3.38,22.078,0
13.897,13.897,16.346,6.8131,7.273,0,2.45,22.779,0
14.935,14.935,15.642,2.1522,7.371,0,2.64,26.211,0
18.494,18.494,15.378,0,8.195,1.0001,3.5,29.972,3.282
22.099,22.099,15.678,0.2384,7.64,0.0002,4.77,38.561,0
30.863,30.863,15.403,0,10.141,0.0002,6.74,40.649,0
33.421,33.421,14.426,0,12.754,1.1665,7.47,40.105,5.395
34.015,34.015,12.169,0,22.188,3.0379,7.17,34.763,65.063
30.326,30.326,8.905,0.0849,26.847,6.6663,5.62,32.998,131.156
28.945,28.945,8.062,0.0844,27.404,6.9405,4.89,33.976,148.427
28.685,28.685,10.519,0.0078,22.839,1.1577,4.9,34.712,17.218
27.028,27.028,15.367,0,12.255,1.0132,4.72,27.893,1.629
19.583,19.583,16.576,0.0022,7.876,0,3.33,22.606,0
14.423,14.423,16.346,4.2519,7.769,0.9688,2.49,21.163,1.755
13.318,13.318,15.642,5.2465,6.812,1.0624,2.5,24.681,2.06
16.966,16.966,15.378,0.1512,7.629,1.0001,3.35,31.707,4.028
23.723,23.723,15.885,0,7.938,1.0133,5.01,37.398,2.066
29.656,29.656,15.403,0,9.228,0.3208,6.56,41.133,0.321
33.906,33.906,14.426,0,13.946,1.0001,7.53,41.478,3.157
35.316,35.316,12.286,0,23.517,0.9839,7.39,36.996,1.185
32.526,32.526,8.878,0,28.615,4.3736,5.87,33.92,50.533
29.828,29.828,8.128,0,28.46,7.1627,5,33.494,104.829
28.267,28.267,10.454,0.3491,22.498,5.557,4.83,32.944,143.802
25.122,25.122,15.631,0.7092,11.454,1.1878,4.56,29.947,15.736
21.598,21.598,16.642,0,8.457,0,3.52,23.861,0
15.679,15.679,16.346,2.3718,7.812,1.0014,2.59,21.759,1.908
13.934,13.934,15.642,3.4076,7.369,1.6101,2.55,24.145,17.314
16.328,16.328,15.579,1.0741,7.595,1.3621,3.32,29.734,17.2
21.861,21.861,15.678,0.3016,7.411,1.2053,4.74,38.198,7.602
30.538,30.538,15.286,0,9.709,0.5126,6.66,41.884,0.512
34.656,34.656,14.426,0,13.983,1.0001,7.65,40.802,2.588
34.775,34.775,12.087,0,23.848,1.7667,7.25,35.671,13.475
31.202,31.202,8.878,0,26.847,8.3373,5.72,32.635,149.348
28.665,28.665,7.895,0.0482,27.31,6.5306,4.8,34.811,158.442
29.584,29.584,10.454,0,22.496,3.1017,4.98,35.181,57.931
27.497,27.497,15.367,0,12.451,1.0132,4.78,27.461,2.032
19.15,19.15,16.576,0.0041,7.594,0.0005,3.28,23.878,0
15.695,15.695,16.346,3.0188,7.787,0.9107,2.59,23.871,2.306
15.988,15.988,15.741,0.0411,7.868,1.1705,2.74,24.736,8.589
17.02,17.02,15.378,0.1127,7.595,1.2589,3.36,30.916,9.635
23.041,23.041,15.678,0,7.712,0.8467,4.9,37.772,0.852
30.03,30.03,15.403,0,9.47,0.0027,6.62,42.027,0.003
34.799,34.799,14.426,0,14.621,1.0569,7.68,39.746,5.638
33.684,33.684,12.087,0,22.792,1.2821,7.09,34.482,10.89
30.012,30.012,8.878,0.0541,26.892,10.0799,5.57,32.898,339.835
28.844,28.844,8.062,0,27.404,4.1036,4.88,35.976,60.239
30.57,30.57,10.735,0,23.69,3.6549,5.16,33.271,53.106
25.589,25.589,15.367,0.1474,12.012,1.0126,4.58,26.783,1.896
18.473,18.473,16.576,0.0057,7.591,0,3.21,22.968,0
14.788,14.788,16.346,4.694,7.41,0,2.53,23.409,0
15.564,15.564,15.642,0.4528,7.273,1.1499,2.67,21.988,4.649
14.271,14.271,15.378,2.5751,6.668,0.9171,3.09,29.341,0.997
21.467,21.467,15.678,0.3776,7.314,1.3857,4.69,34.774,6.812
27.03,27.03,15.513,0.6529,8.209,0,6.21,40.67,0
33.442,33.442,14.426,0,13.011,1.5781,7.47,40.21,6.346
34.083,34.083,12.187,0,23.03,1.2789,7.18,34.102,11.801
29.632,29.632,8.905,0.0807,26.973,9.5507,5.54,32.244,379.271
28.191,28.191,8.062,0.0979,27.404,7.0703,4.81,33.372,147.315
28.145,28.145,10.454,0.279,22.696,4.2227,4.82,33.166,72.94
25.483,25.483,15.367,0.4547,12.19,0,4.56,27.059,0
18.748,18.748,16.576,0.0048,7.707,0,3.24,21.779,0
13.616,13.616,16.346,7.5903,6.913,0,2.44,21.581,0
13.564,13.564,16.001,5.3007,7.211,1.2044,2.55,23.74,3.913
16.042,16.042,15.378,1.3016,7.296,0.2585,3.26,30.107,0.257
22.233,22.233,15.678,0.1909,7.712,1.7477,4.79,33.888,10.291
26.146,26.146,15.431,0.9688,7.67,1.4331,6.08,39.576,10.933
32.349,32.349,14.426,0.074,13.011,1.4975,7.31,39.18,9.551
33.119,33.119,12.087,0,21.734,2.038,7.02,36.929,24.651
32.485,32.485,8.878,0,29.861,5.682,5.87,33.564,82.87
29.511,29.511,8.062,0,27.481,5.778,4.95,35.022,115.23
29.794,29.794,10.454,0,23.414,2.7269,5,36.907,25.08
29.224,29.224,15.367,0,13.987,1.0132,4.97,29.94,1.364
21.629,21.629,16.576,0,8.376,1.0001,3.51,24.317,35.536
16.07,16.07,16.477,1.4584,7.912,0,2.64,23.1,0
15.447,15.447,15.299,0.6732,7.569,1.0624,2.65,26.467,1.555
18.751,18.751,15.378,0,8.195,1.0442,3.53,30.321,6.586
22.447,22.447,15.678,0,7.473,1.6541,4.82,38.202,8.8
30.502,30.502,15.403,0,9.552,1.0226,6.69,40.958,2.475
33.614,33.614,14.726,0,14.441,1.0066,7.59,39.386,14.628
33.199,33.199,12.313,0.0526,21.812,2.1722,7.1,35.548,31.937
31.079,31.079,8.878,0,26.874,6.5968,5.71,32.433,129.092
28.477,28.477,7.961,0.1579,27.348,8.5464,4.81,34.772,196.14
29.545,29.545,10.454,0,23.58,0.5922,4.98,34.504,0.593
26.191,26.191,16.574,0,12.228,0,4.81,28.311,0
20.084,20.084,16.391,0,8.291,0,3.34,23.624,0
15.444,15.444,16.346,3.0549,7.912,0.864,2.56,21.984,1.376
14.158,14.158,15.642,5.0876,6.911,1.8488,2.57,27.045,18.62
19.145,19.145,15.745,0,8.257,0,3.61,33.794,0
25.939,25.939,15.678,0,9.58,0,5.24,36.704,0
29.16,29.16,15.004,0,9.41,1.0226,6.43,40.599,2.619
33.372,33.372,14.426,0,13.695,1.0001,7.46,40.268,3.301
34.206,34.206,12.087,0,22.809,1.3474,7.18,35.159,24.245
30.69,30.69,8.878,0,26.875,7.4082,5.66,32.249,144.109
28.379,28.379,7.723,0,27.379,7.6381,4.71,34.147,193.689
28.921,28.921,10.454,0,22.881,3.0522,4.92,33.863,38.895
26.18,26.18,15.367,0,12.189,0.3208,4.63,28.395,0.321
20.209,20.209,16.334,0.0005,8.356,0.0002,3.34,26.586,0
18.403,18.403,16.346,0,8.745,0.0002,2.81,21.554,0
13.711,13.711,15.642,4.6111,7.063,1.2706,2.54,25.587,6.737
17.908,17.908,15.339,0,7.954,1.8704,3.44,30.448,36.884
22.675,22.675,15.511,0.0126,7.964,1.0133,4.82,36.607,2.528
28.88,28.88,15.44,0,9.409,0,6.47,41.547,0
34.349,34.349,14.326,0,14.246,1.0001,7.58,40.499,1.14
34.458,34.458,12.002,0,22.592,1.5796,7.2,35.369,26.08
31.046,31.046,8.612,0,26.874,8.145,5.61,33.946,159.14
30.279,30.279,7.275,0,28.685,4.4307,4.77,34.881,30.141
29.552,29.552,10.654,0.0022,22.681,6.4716,5.01,32.241,143.642
24.23,24.23,15.974,1.0989,11.312,1.1675,4.51,28.773,7.974
20.49,20.49,16.531,0,8.309,0.9993,3.41,24.083,4.522
15.902,15.902,16.346,3.0873,7.771,0,2.62,22.045,0
14.201,14.201,15.642,4.0235,7.131,1.2719,2.56,25.176,7.003
17.431,17.431,15.405,0.2153,7.853,0.5991,3.4,32.608,0.6
24.752,24.752,15.678,0,9.007,1.0133,5.09,34.059,3.364
26.332,26.332,15.403,0.9059,7.724,1.1108,6.1,38.381,8.945
31.222,31.222,14.261,0.2627,13.011,1.2563,7.11,40.371,9.401
34.31,34.31,12.087,0,23.271,2.9691,7.19,35.695,38.365
31.37,31.37,8.594,0,28.426,4.2051,5.64,32.674,47.891
28.62,28.62,8.062,0.0135,27.376,9.1507,4.83,33.522,245.344
28.295,28.295,10.454,0.0919,22.599,4.7419,4.84,32.498,94.504
24.815,24.815,15.327,0.6918,11.453,1.3049,4.49,27.527,14.75
19.214,19.214,16.576,0.003,7.689,0,3.29,24.252,0
16.07,16.07,16.346,1.1914,7.939,1.0008,2.62,21.794,2.704
14.168,14.168,15.203,2.7752,7.369,1.4594,2.54,24.704,12.226
16.988,16.988,15.378,0.075,7.88,0.2585,3.36,30.469,0.257
22.696,22.696,15.475,0,7.712,1.3101,4.82,36.501,12.3
29.012,29.012,14.947,0,9.409,1.0226,6.37,42.017,1.768
34.789,34.789,14.426,0,13.831,0.2001,7.67,39.719,0.2
33.658,33.658,12.048,0,21.898,2.3282,7.08,33.797,18.941
29.19,29.19,9.177,0.2251,26.192,11.1263,5.57,32.093,280.122
28.039,28.039,8.062,0.1708,26.725,6.0453,4.78,34.975,144.675
29.786,29.786,10.376,0,22.799,1.2248,4.99,32.012,5.95
24.528,24.528,14.927,0.8608,11.201,1.299,4.4,27.026,27.702
18.715,18.715,16.576,0.0049,7.534,0.9451,3.23,24.244,1.117
16.061,16.061,16.346,1.8804,7.445,0.9832,2.62,21.36,3.66
13.561,13.561,15.576,4.9524,6.87,2.0908,2.51,23.144,21.055
15.467,15.467,15.338,1.8524,7.354,0,3.21,29.64,0
21.639,21.639,15.944,0.2907,7.246,1.3783,4.75,34.587,10.729
26.847,26.847,15.4,0.6714,8.27,1.0144,6.16,37.964,1.194
30.738,30.738,14.387,0.3484,12.551,1.5398,7.08,39.185,11.993
33.125,33.125,12.087,0,21.925,2.1695,7.01,35.185,35.326
30.719,30.719,8.837,0,26.874,6.3029,5.66,33.015,149.163
29.345,29.345,7.295,0,27.493,5.9234,4.68,33.609,107.716
28.482,28.482,10.189,0.2611,22.863,3.0555,4.79,34.051,57.268
26.369,26.369,15.266,0.0529,12.255,1.0132,4.64,29.506,6.722
21.024,21.024,16.948,0,8.515,1.0001,3.5,23.863,15.716
15.617,15.617,16.474,2.3795,7.912,1.0058,2.6,23.875,5.148
16.117,16.117,15.484,0,8.476,1.4293,2.73,24.495,14.216
16.777,16.777,15.419,0.3896,7.595,0.2585,3.33,31.752,0.257
23.876,23.876,15.679,0,8.413,1.0133,4.99,38.576,3.345
30.863,30.863,15.376,0,9.653,0.3936,6.73,39.68,0.393
32.481,32.481,14.326,0,13.27,1.0006,7.31,40.576,4.388
34.534,34.534,12.087,0,23.37,1.3549,7.22,34.621,5.439
30.151,30.151,8.878,0.0438,26.874,9.2476,5.58,33.939,225.572
29.913,29.913,7.997,0,28.452,4.4498,4.97,33.233,75.482
28.007,28.007,10.454,0.3629,22.107,6.4473,4.8,33.505,191.723
25.822,25.822,15.328,0.2525,12.255,1.0622,4.59,28.537,1.484
20.226,20.226,16.576,0,8.533,1.0001,3.39,25.279,30.411
17.032,17.032,16.477,0.0295,8.712,1.0091,2.71,21.741,11.918
13.896,13.896,15.643,3.3439,7.291,1.4638,2.55,23.825,7.667
16.192,16.192,15.212,1.0328,7.629,1.0001,3.26,31.692,2.427
23.818,23.818,15.678,0,8.413,1.0133,4.99,36.296,1.843
28.556,28.556,15.403,0.0341,8.809,0.9697,6.42,39.29,1.032
32.148,32.148,14.202,0.0741,13.297,2.0569,7.24,40.047,14.667
33.921,33.921,12.172,0,22.157,2.2436,7.17,34.772,35.362
30.263,30.263,8.977,0.0027,26.973,9.1214,5.64,32.904,187.609
28.85,28.85,8.062,0.0082,27.404,7.7568,4.88,33.995,153.367
28.611,28.611,10.778,0.0867,22.863,4.6478,4.95,35.152,136.321
27.369,27.369,15.532,0,12.216,0.0005,4.79,28.645,0
20.295,20.295,16.65,0.0001,8.376,1.0001,3.4,24.238,10.18
15.954,15.954,16.564,0.7238,7.912,0,2.63,21.822,0
13.977,13.977,15.642,4.764,7.369,1.0849,2.55,26.962,3.112
19.245,19.245,15.378,0,8.593,0,3.59,29.733,0
21.86,21.86,15.676,0.2324,7.497,1.3085,4.74,34.473,4.829
26.848,26.848,15.186,0.5522,8.309,1.0226,6.14,39.598,2.79
32.297,32.297,14.583,0,13.37,0.6397,7.35,40.144,0.707
34.083,34.083,12.087,0,22.79,2.3149,7.17,34.818,44.18
30.365,30.365,8.878,0,26.847,7.1722,5.62,32.8,148.228
28.745,28.745,8.062,0.0529,27.249,5.9761,4.86,35.049,147.13
29.822,29.822,10.454,0,23.871,1.8731,5,33.651,3.168
25.884,25.884,15.467,0.272,12.255,1.1482,4.62,27.659,15.582
19.449,19.449,16.376,0.0037,7.677,0,3.29,24.104,0
15.922,15.922,16.346,0.1987,7.884,1.0014,2.61,22.563,3.639
14.767,14.767,15.558,2.2032,7.369,1.6425,2.61,22.763,6.299
15.401,15.401,14.677,1.794,6.694,1.4476,3.14,30.827,24.852
23.39,23.39,14.853,0,8.478,0.0002,4.8,35.079,0
27.539,27.539,15.001,0.3599,8.467,1.0226,6.19,39.445,7.216
32.603,32.603,13.639,0,13.297,1.4726,7.17,39.081,20.078
32.883,32.883,12.325,0.1085,21.833,3.0301,7.05,33.873,56.018
29.639,29.639,8.42,0.0739,26.973,6.7199,5.38,32.697,136.239
28.892,28.892,7.56,0,27.31,7.9701,4.72,33.958,231.214
28.971,28.971,9.969,0,22.797,4.2247,4.79,32.716,109.047
25.574,25.574,14.269,0.0096,11.657,1.1175,4.4,26.834,14.419
19.009,19.009,15.611,0.003,7.877,1.0001,3.16,21.544,9.424
13.547,13.547,15.98,6.7963,7.054,1.0014,2.4,21.057,3.182
13.443,13.443,15.203,5.8602,6.87,1.3581,2.48,25.186,6.682
17.926,17.926,14.438,0,7.694,1.0001,3.33,31.064,3.902
22.909,22.909,16.257,0.0684,7.712,1.3443,4.97,37.019,8.6
29.573,29.573,14.884,0,9.036,0.5021,6.44,39.764,0.501
32.719,32.719,14.088,0,13.011,1.0001,7.29,39.861,3.512
33.734,33.734,12.187,0.0255,22.556,1.2532,7.14,35.526,12.691
31.158,31.158,8.676,0,27.246,8.3352,5.65,33.697,191.956
29.705,29.705,7.918,0,27.249,4.6947,4.92,32.968,68.841
28.081,28.081,9.795,0.4104,21.563,3.9734,4.66,32.059,94.525
24.475,24.475,15.067,0.3746,11.723,0,4.41,27.97,0
20.225,20.225,15.469,0,8.2,1.0001,3.26,23.283,2.271
15.502,15.502,15.506,2.4014,7.914,1.0029,2.51,22.335,7.864
13.853,13.853,16.966,6.6264,6.904,0,2.65,27.328,0
19.311,19.311,15.964,0,8.767,1.0001,3.65,30.483,4.936
22.864,22.864,15.219,0.0075,7.712,1.0133,4.79,35.715,1.434
28.454,28.454,14.463,0.0786,8.708,1.0226,6.19,39.261,2.011
32.161,32.161,14.126,0.2051,13.011,1.1386,7.23,39.918,7.65
33.892,33.892,11.987,0,21.898,1.9592,7.1,37.148,39.567
32.579,32.579,9.076,0,29.468,3.8508,5.94,33.445,42.593
29.512,29.512,7.788,0.0295,27.348,6.2564,4.88,33.92,155.835
28.879,28.879,10.03,0.0686,23.041,4.2341,4.81,35.375,78.947
27.791,27.791,15.11,0,13.19,0.9476,4.77,30.266,1.678
22.442,22.442,15.552,0,9.489,0.9999,3.47,24.397,5.016
15.871,15.871,17.047,3.14,7.912,1.0065,2.67,20.161,5.959
12.604,12.604,15.092,7.0941,6.531,0.3503,2.4,24.169,0.35
16.736,16.736,14.811,0.6812,7.694,0.2586,3.28,32.809,0.257
24.987,24.987,15.678,0,8.687,1.0133,5.13,37.472,1.517
29.97,29.97,14.963,0,9.683,1.0226,6.52,38.707,2.012
31.647,31.647,14.088,0.2596,12.745,2.2032,7.14,39.277,24.334
33.318,33.318,11.902,0.0685,22.485,2.1074,6.99,33.766,22.298
29.597,29.597,8.275,0.0927,26.791,10.1272,5.33,33.285,308.428
29.151,29.151,8.243,0,27.407,8.5335,4.96,33.574,253.206
28.43,28.43,10.284,0.0718,22.863,3.2962,4.81,33.445,46.752
25.69,25.69,15.459,0.352,12.215,0.7485,4.6,27.3,1.107
19.015,19.015,16.576,0.0055,7.675,0.0002,3.27,23.23,0
15.568,15.568,15.288,3.0687,7.697,1.0016,2.49,24.595,7.403
16.878,16.878,15.415,0,8.25,1.0624,2.77,24.866,5.682
17.473,17.473,14.753,0,7.756,1.0001,3.33,30.177,3.885
22.475,22.475,15.376,0.047,7.545,1.0133,4.77,34.028,1.645
26.526,26.526,14.961,0.6879,8.393,1.4341,6.05,38.582,6.156
31.755,31.755,13.568,0.1919,12.861,1.0603,7.01,40.269,3.003
34.308,34.308,11.886,0,23.987,1.096,7.12,34.985,7.412
30.644,30.644,8.678,0,26.892,9.3082,5.58,33.334,206.836
29.38,29.38,7.86,0,27.376,4.7015,4.87,34.262,77.666
29.235,29.235,9.996,0,22.781,2.7758,4.84,35.087,49.072
27.605,27.605,14.927,0,12.378,0.6305,4.71,30.224,0.631
22.096,22.096,16.218,0,8.79,0.8744,3.51,22.888,1.18
14.706,14.706,16.346,4.8964,7.587,0,2.52,24.187,0
15.636,15.636,17.071,4.051,7.23,0.9827,2.82,27.804,1.557
19.89,19.89,15.736,0,9.468,1.4444,3.69,30.555,18.447
22.681,22.681,15.65,0.0737,7.979,0.1706,4.84,35.847,0.17
28.487,28.487,14.748,0.0741,8.613,0.3937,6.26,40.166,0.394
32.6,32.6,15.051,0.0111,13.088,2.9629,7.52,38.767,45.403
32.466,32.466,12.627,0.125,21.71,3.2998,7.09,36.773,69.769
32.008,32.008,9.501,0,28.208,6.3669,6,33.055,102.739
28.946,28.946,8.161,0.0763,27.407,7.4463,4.91,33.598,169.74
28.371,28.371,10.454,0.1858,22.964,3.4213,4.85,34.97,52.145
27.1,27.1,15.726,0,12.344,1.0132,4.79,28.847,11.258
20.167,20.167,17.327,0.0016,8.075,1.0001,3.45,23.37,5.89
14.667,14.667,17.35,5.1507,7.835,0,2.59,20.939,0
12.64,12.64,16.58,8.2893,6.551,0,2.53,27.618,0
19.515,19.515,16.121,0,8.813,0.5834,3.69,29.833,0.583
21.793,21.793,16.015,0.4533,7.27,1.7682,4.79,35.24,31.818
27.526,27.526,15.403,0.707,7.934,0.9646,6.26,39.477,1.465
31.977,31.977,14.929,0.2873,12.47,1.056,7.39,40.146,3.153
33.702,33.702,12.831,0.0187,22.355,1.9904,7.31,35.487,33.685
30.762,30.762,9.435,0,26.874,7.1215,5.83,32.348,151.255
28.439,28.439,7.763,0.117,27.414,8.5498,4.75,33.703,242.658
28.112,28.112,11.12,0.3525,21.628,4.1424,4.97,33.603,97.729
25.935,25.935,15.325,0.3627,12.255,1.0996,4.6,29.354,15.398
20.942,20.942,16.778,0.0004,8.117,1.0001,3.46,24.264,23.246
16.082,16.082,16.346,1.2082,7.912,1.0249,2.62,21.654,21.039
13.713,13.713,15.842,5.2736,7.369,1.0954,2.55,22.963,3.452
15.346,15.346,15.18,2.1953,6.952,1.0001,3.18,30.75,4.789
22.474,22.474,16.515,0.1085,7.611,1.0133,4.95,35.81,4.558
28.05,28.05,15.487,0.3197,8.564,0.3935,6.36,38.982,0.393
31.697,31.697,14.484,0.2402,12.436,1.0001,7.24,40.517,7.725
34.433,34.433,12.128,0,22.906,1.0733,7.21,35.17,7.892
30.663,30.663,8.978,0.0294,27.63,8.6734,5.69,33.959,175.794
29.852,29.852,8.16,0.0005,27.404,4.9902,5.02,36.341,82.905
30.262,30.262,12.105,0,23.178,0.5922,5.44,34.297,0.593
26.513,26.513,15.467,0.3334,12.255,0.1472,4.69,29.257,0.147
20.851,20.851,16.758,0.0007,8.22,0,3.46,24.149,0
16.014,16.014,16.19,0.9476,8.011,0.0004,2.6,22.662,0
14.862,14.862,15.615,2.5087,7.369,1.0618,2.63,25.244,3.435
17.645,17.645,15.177,0,7.798,1.0001,3.4,34.149,2.801
25.487,25.487,17.288,0,9.08,1.1072,5.44,36.917,3.246
29.392,29.392,14.986,0,8.809,1.3232,6.45,38.87,4.612
31.642,31.642,14.426,0.2949,12.824,1.6997,7.22,41.301,14.532
35.255,35.255,12.044,0,22.915,1.208,7.31,35.597,21.068
31.086,31.086,8.937,0,27.991,8.0182,5.72,33.957,147.283
29.72,29.72,8.426,0,27.642,4.789,5.08,34.32,74.275
29.178,29.178,10.284,0,23.802,3.5146,4.89,35.63,59.892
27.849,27.849,15.467,0,13.284,0.9281,4.83,30.18,2.501
22.057,22.057,16.194,0,8.657,0,3.51,25.107,0
16.456,16.456,17.271,3.7619,7.854,0,2.74,23.307,0
15.344,15.344,15.881,1.4316,7.483,1.4776,2.69,24.698,12.551
16.652,16.652,16.046,1.1206,7.594,2.336,3.39,30.192,30.187
22.391,22.391,15.539,0.0506,7.712,1.6322,4.78,38.061,13.5
29.815,29.815,16.409,0,9.608,0.9827,6.8,41.297,3.677
33.868,33.868,14.826,0,13.754,2.2581,7.64,38.901,28.051
32.602,32.602,12.526,0.3105,21.14,3.6867,7.07,36.108,64.302
31.214,31.214,9.793,0,26.686,4.8804,6,33.723,50.664
29.498,29.498,8.417,0.0201,27.508,6.8972,5.04,34.211,163.996
28.92,28.92,10.518,0.0067,22.964,4.5238,4.92,35.608,112.234
27.203,27.203,16.757,0,11.998,0.8496,4.96,28.635,0.854
19.759,19.759,17.709,0.0031,7.676,0,3.46,24.746,0
16.098,16.098,17.231,2.7103,7.911,0,2.71,21.727,0
13.58,13.58,16.227,6.0468,6.926,1.0624,2.56,25.331,3.389
17.469,17.469,15.679,0.126,7.595,1.0001,3.45,30.959,8.507
23.019,23.019,15.816,0,7.712,0.0778,4.91,37.818,0.078
29.892,29.892,15.825,0,9.449,1.3852,6.69,38.74,11.329
31.613,31.613,14.169,0.2907,12.433,2.5692,7.14,37.317,48.634
31.274,31.274,12.002,0.3532,20.453,3.8518,6.74,33.429,75.582
29.223,29.223,8.375,0.1429,26.029,6.4299,5.32,31.939,113.899
27.731,27.731,8.362,0.2598,27.489,6.2613,4.85,33.899,179.513
27.873,27.873,12.012,0.3097,22.706,2.6618,5.14,33.708,55.523
25.797,25.797,15.795,0.2005,12.046,1.0368,4.66,27.993,4.601
19.43,19.43,17.078,0.0021,8.291,0,3.36,25.343,0
16.338,16.338,18.037,1.8944,7.912,0,2.78,22.388,0
14.543,14.543,15.642,2.989,7.507,1.059,2.6,22.27,5.482
14.609,14.609,15.277,2.5684,6.397,1.0001,3.12,31.789,3.357
23.613,23.613,16.317,0,8.195,0.1705,5.06,35.436,0.17
27.592,27.592,15.688,0.443,7.929,1.2339,6.35,40.64,11.15
33.417,33.417,14.409,0,13.372,0.9995,7.47,39.219,3.153
33.019,33.019,12.325,0,22.589,1.998,7.08,36.532,52.438
31.604,31.604,9.836,0,28.111,4.6621,6.05,32.501,135.946
28.192,28.192,8.602,0.0849,27.074,8.038,4.96,33.427,234.028
28.401,28.401,9.954,0.1037,22.479,2.0792,4.75,32.839,16.832
25.556,25.556,14.499,0,12.514,1.0132,4.45,28.718,5.9
20.792,20.792,15.809,0,8.377,1.0001,3.35,23.539,1.963
15.857,15.857,15.279,0.9383,8.078,0.79,2.52,20.921,1.171
13.962,13.962,13.902,2.5904,7.064,1.0624,2.41,26.267,5.563
18.45,18.45,15.564,0,7.728,1.0001,3.53,30.352,2.349
22.576,22.576,15.552,0.0183,7.712,0.078,4.81,39.044,0.078
30.772,30.772,16.516,0,10.141,0,6.97,41.379,0
33.881,33.881,14.926,0,13.726,1.6303,7.67,41.034,22.201
34.787,34.787,12.446,0.0138,21.825,1.6182,7.35,35.288,22.124
30.68,30.68,9.177,0,27.223,7.3039,5.75,32.123,127.109
28.088,28.088,7.989,0.2224,27.431,9.3074,4.77,33.95,260.256
28.723,28.723,10.454,0,23.129,2.672,4.89,33.26,36.406
25.579,25.579,15.266,0.5534,12.155,1.0981,4.56,28.174,7.217
19.482,19.482,17.369,0.0036,7.761,0,3.39,22.273,0
13.866,13.866,16.774,6.9594,7.312,1.0023,2.48,21.291,2.942
13.608,13.608,15.299,4.8235,6.935,0.0002,2.5,22.84,0
15.205,15.205,15.25,1.8429,6.882,0.0002,3.17,32.609,0
24.707,24.707,15.804,0,8.387,0.8741,5.1,38.357,0.877
30.312,30.312,16.073,0,9.61,1.0862,6.81,40.183,5.708
32.465,32.465,15.355,0.0277,13.011,2.7211,7.57,38.303,31.968
32.243,32.243,12.087,0.3112,21.916,3.246,6.89,34.5,43.073
30.03,30.03,8.878,0.008,26.973,9.4392,5.57,33.846,325.335
29.512,29.512,8.647,0,26.826,4.2819,5.13,35.692,36.912
29.98,29.98,11.378,0,23.379,1.3558,5.22,33.775,8.977
25.907,25.907,15.69,0.4881,12.255,1.2045,4.65,28.24,7.893
19.649,19.649,17.157,0.0027,7.968,0,3.39,22.286,0
14.224,14.224,16.044,5.4491,7.212,1.0059,2.46,20.66,9.793
12.862,12.862,15.541,6.8175,6.59,1.1449,2.45,23.538,5.531
15.777,15.777,15.507,1.5991,7.196,1.0001,3.26,29.88,2.038
22.123,22.123,15.458,0.2293,7.37,1.0133,4.74,36.895,3.788
29.195,29.195,15.345,0,9.471,0.0002,6.49,41.148,0
33.648,33.648,15.028,0,13.588,1.0017,7.66,38.358,3.16
32.33,32.33,11.987,0.3229,20.598,3.4149,6.88,33.794,87.368
29.224,29.224,9.104,0.2013,26.793,11.3355,5.56,32.267,328.355
28.213,28.213,8.062,0.1957,27.376,6.6496,4.81,32.216,183.734
27.462,27.462,9.497,0.4547,21.529,4.9149,4.53,33.956,133.846
25.911,25.911,16.066,0.1933,11.857,1.1202,4.71,27.397,10.231
18.814,18.814,17.133,0.0049,7.534,0,3.3,24.671,0
16.304,16.304,16.732,0.9173,7.912,0.8615,2.68,23.228,1.752
15.245,15.245,15.9,1.9326,7.37,1.0624,2.67,24.895,6.026
17.315,17.315,15.139,0,7.611,1.0001,3.36,29.358,12.401
21.554,21.554,15.577,0.1348,7.712,1.0151,4.69,36.044,2.232
28.098,28.098,15.943,0.4259,8.127,1.0681,6.45,39.889,9.122
32.404,32.404,14.913,0.0792,12.844,1.1608,7.45,37.498,33.965
31.554,31.554,11.831,0.4199,20.694,2.8953,6.73,34.965,36.129
30.496,30.496,8.878,0,26.973,8.4136,5.62,31.277,213.731
27.324,27.324,7.86,0.4758,25.942,8.6827,4.66,33.192,236.598
27.781,27.781,10.778,0.5707,21.729,5.2697,4.87,34.957,123.722
26.872,26.872,16.107,0,12.255,0.8918,4.83,29.406,1.655
20.94,20.94,16.917,0,8.496,0.9998,3.48,23.455,3.636
15.292,15.292,16.346,2.8989,7.885,0.3428,2.57,21.405,0.343
13.946,13.946,14.877,3.3044,7.435,1.5759,2.49,25.693,15.17
17.511,17.511,16.283,0.1974,7.638,0.2584,3.51,33.169,0.257
24.627,24.627,17.066,0,8.245,0,5.3,35.885,0
28.226,28.226,15.286,0.3241,8.794,1.7512,6.34,38.039,22.262
30.839,30.839,14.326,0.4643,12.121,1.6226,7.07,37.072,17.833
31.385,31.385,11.328,0.4859,20.963,3.9353,6.55,32.524,116.457
28.255,28.255,8.511,0.3315,25.187,9.4475,5.26,32.542,333.024
28.573,28.573,7.895,0.0363,27.376,4.8459,4.79,31.747,61.394
26.722,26.722,9.969,0.6323,21.529,4.9787,4.58,33.687,128.288
25.904,25.904,15.567,0.001,12.255,1.0314,4.64,30.844,5.359
22.296,22.296,17.062,0,8.977,1.0001,3.62,24.839,4.735
16.715,16.715,16.27,0,8.029,1.0028,2.67,21.45,3.491
13.589,13.589,15.742,5.3778,7.23,0.1602,2.54,22.867,0.16
15.267,15.267,15.177,1.6505,7.056,1.1441,3.17,28.451,11.745
20.678,20.678,15.493,0.5598,7.089,1.4945,4.58,36.798,5.824
28.871,28.871,15.827,0.1373,8.695,1.292,6.55,43.553,15.348
35.769,35.769,15.57,0,14.946,0.2001,8.12,39.773,0.2
33.226,33.226,13.072,0.0999,21.539,3.4312,7.32,32.604,64.631
28.295,28.295,8.578,0.3304,25.897,10.1397,5.28,31.633,293.774
27.89,27.89,7.51,0.077,27.673,7.8919,4.61,32.498,167.004
27.556,27.556,9.867,0.2749,23.121,3.0732,4.62,33.794,78.345
25.912,25.912,15.666,0.1879,12.255,0.2834,4.65,28.173,0.283
20.448,20.448,15.37,0,8.674,0.9996,3.28,23.961,10.332
15.579,15.579,16.703,0.8612,7.973,0.5817,2.62,22.105,0.582
14.287,14.287,15.6,2.4172,7.369,1.2505,2.58,23.509,6.714
15.948,15.948,15.078,1.3026,7.138,1.6765,3.22,28.051,31.383
20.816,20.816,14.453,0.4078,7.212,1.2149,4.44,35.792,6.369
28.167,28.167,15.187,0.0083,8.717,1.0226,6.33,36.039,2.586
28.911,28.911,14.227,0.5007,10.18,2.2526,6.77,39.454,22.008
33.308,33.308,12.271,0.0005,21.898,2.8943,7.1,34.559,50.426
30.217,30.217,8.678,0.0397,25.54,6.7947,5.54,33.488,160.002
29.015,29.015,8.886,0,26.349,4.9068,5.16,33.422,85.312
28.138,28.138,10.51,0.1296,23.366,1.5992,4.84,34.011,33.551
26.326,26.326,15.393,0,12.914,1.0847,4.65,29.918,10.362
21.707,21.707,16.375,0,8.777,1.0001,3.5,24.368,3.697
16.187,16.187,16.346,0,8.011,1.0014,2.63,21.795,4.83
14.078,14.078,15.37,3.6764,7.369,0.9697,2.55,25.868,1.137
18.352,18.352,14.979,0,8.195,1.0001,3.45,29.647,2.877
21.911,21.911,15.409,0.2294,7.455,1.269,4.71,37.583,8.558
29.592,29.592,16.015,0,9.508,0.3937,6.69,40.159,0.393
32.932,32.932,14.426,0,13.476,1.1466,7.4,37.956,9.806
32.127,32.127,11.688,0.1852,21.24,3.3849,6.77,33.186,47.942
28.843,28.843,8.652,0.0488,27.189,8.2965,5.37,32.981,237.663
29.046,29.046,7.861,0,27.404,5.6637,4.82,33.817,40.61
28.889,28.889,9.853,0,23.871,2.2869,4.77,34.751,33.703
27.307,27.307,14.88,0,13.074,1.0132,4.69,29.299,2.48
20.687,20.687,17.175,0.0011,8.374,1.0001,3.48,23.991,14.306
15.527,15.527,16.912,2.8686,7.912,1.0031,2.62,22.471,9.695
14.928,14.928,15.004,1.2798,7.113,1.5425,2.57,25.669,6.376
17.91,17.91,15.478,0,7.656,1.0041,3.46,29.958,4.999
22.084,22.084,15.676,0.2246,7.411,1.3689,4.76,37.442,10.424
29.432,29.432,15.972,0,9.251,0,6.67,39.242,0
32.115,32.115,14.227,0.0197,12.993,1.9171,7.24,39.392,10.827
33.331,33.331,12.087,0,22.873,3.5968,7.04,33.117,76.202
28.646,28.646,8.921,0.1808,24.405,9.8339,5.42,32.958,193.952
28.906,28.906,8.062,0,27.404,4.1578,4.88,34.47,53.405
29.242,29.242,10.454,0,23.722,2.4504,4.94,34.252,49.896
26.23,26.23,16.005,0.2505,12.255,0.1717,4.74,26.982,0.172
19.057,19.057,15.838,0.0042,8.062,1.0001,3.19,23.826,54.434
15.545,15.545,16.544,3.7262,7.955,1.0014,2.61,22.025,4.216
14.382,14.382,15.24,1.9775,7.366,1.3609,2.55,22.685,14.113
15.152,15.152,14.994,2.0254,7.296,1.0001,3.14,27.806,3.206
20.131,20.131,15.31,0.7006,6.755,2.1172,4.47,34.794,19.232
27.17,27.17,15.187,0.6953,8.252,2.3365,6.16,36.854,32.575
29.812,29.812,14.069,0.6683,11.476,3.4026,6.87,39.549,83.755
33.507,33.507,12.087,0,21.898,2.1718,7.06,36.238,46.683
31.729,31.729,8.977,0,28.509,8.0262,5.8,32.669,338.617
28.742,28.742,7.796,0.0004,27.508,8.1361,4.78,35.19,179.484
29.725,29.725,10.912,0,22.965,0.5922,5.1,34.419,0.593
26.737,26.737,15.266,0,12.416,1.0437,4.68,28.334,14.386
20.649,20.649,15.326,0,8.356,1.0001,3.28,23.678,4.016
15.753,15.753,15.86,0.4576,7.814,1.0036,2.56,21.147,8.391
13.503,13.503,15.24,4.8114,7.084,1.3168,2.48,23.601,10.959
15.881,15.881,15.38,1.9046,7.011,1.1546,3.26,29.706,6.798
21.833,21.833,15.678,0.225,7.286,1.1644,4.73,32.658,4.392
25.254,25.254,14.828,1.0606,7.175,2.0284,5.83,37.934,30.786
31.008,31.008,13.788,0.502,12.692,3.3381,6.96,38.335,62.872
32.596,32.596,11.429,0.0207,23.012,2.4864,6.75,34.882,49.141
30.312,30.312,9.077,0.0329,26.874,8.6999,5.68,32.758,278.55
28.651,28.651,8.161,0.0042,27.404,8.6697,4.89,34.457,233.129
29.285,29.285,10.34,0,22.948,3.3131,4.91,32.992,56.341
25.449,25.449,15.066,0.491,11.689,1.1621,4.51,27.597,14.358
19.148,19.148,16.816,0.0046,7.156,0,3.31,23.676,0
15.494,15.494,16.346,2.6398,7.799,1.0014,2.57,21.179,1.771
13.334,13.334,15.642,6.1573,6.87,0.1155,2.5,22.292,0.115
14.676,14.676,15.179,2.4092,6.562,1.264,3.12,32.138,3.172
24.264,24.264,15.678,0,8.599,1.0127,5.04,36.533,2.944
28.891,28.891,15.203,0,9.151,1.6096,6.42,42.401,14.067
35.174,35.174,14.426,0,14.731,1.0001,7.73,40.49,1.378
34.463,34.463,11.989,0,22.042,2.0162,7.17,34.48,12.77
29.91,29.91,9.077,0.0637,26.939,6.0755,5.62,32.667,100.809
28.614,28.614,8.062,0.208,27.629,6.6614,4.83,32.549,163.023
27.321,27.321,10.454,0.5706,21.521,3.6985,4.73,32.713,72.955
24.829,24.829,15.74,0.5729,11.555,0,4.54,27.826,0
19.741,19.741,16.154,0.003,8.356,0,3.29,22.862,0
15.563,15.563,14.582,1.4409,7.912,0.0008,2.44,21.577,0.001
13.933,13.933,15.241,3.5515,7.131,0.5084,2.51,26.277,0.509
17.593,17.593,17.284,0.0153,7.962,0,3.63,32.314,0
24.678,24.678,15.21,0,9.425,1.0127,5.02,36.884,1.74
29.143,29.143,15.403,0,9.174,1.5805,6.49,41.335,15.788
34.107,34.107,14.426,0,13.772,2.2641,7.57,39.526,27.253
33.7,33.7,11.63,0,22.198,1.7874,6.96,34.188,27.062
29.655,29.655,8.986,0.0917,26.874,9.2044,5.57,32.75,243.626
28.881,28.881,7.696,0.0492,27.404,6.5597,4.75,33.943,157.453
28.716,28.716,10.454,0,22.863,2.4114,4.9,31.721,18.121
24.14,24.14,15.087,0.931,10.838,1.2474,4.39,28.813,13.858
20.501,20.501,16.577,0,8.464,0.0002,3.4,24.673,0
16.491,16.491,16.346,0,8.013,1.0135,2.64,21.997,8.898
14.072,14.072,15.823,4.5524,7.369,1.2072,2.57,23.636,5.654
15.918,15.918,15.378,1.3439,7.278,1.503,3.25,30.379,17.46
22.506,22.506,15.678,0.077,7.712,1.0133,4.83,36.709,2.98
29.051,29.051,15.286,0.1633,9.27,1.0226,6.46,38.535,2.43
31.337,31.337,14.426,0.3713,12.341,2.4952,7.18,39.661,27.603
33.6,33.6,12.087,0,21.833,3.1919,7.1,34.425,48.94
29.916,29.916,8.977,0.1033,26.955,8.5414,5.6,33.022,151.438
29.053,29.053,7.895,0,27.249,5.3433,4.83,34.425,88.216
29.296,29.296,10.257,0,23.805,2.0648,4.9,33.849,25.119
26.166,26.166,15.367,0.2934,12.524,0.7538,4.63,29.679,1.007
21.367,21.367,16.577,0,8.698,0,3.49,22.455,0
14.373,14.373,16.162,5.2062,7.312,1.0128,2.47,23.551,5.645
15.052,15.052,16.944,3.3098,7.03,1.3059,2.76,26.132,13.187
18.213,18.213,15.779,0,8.195,1.1607,3.53,31.104,12.279
23.331,23.331,15.478,0,8.413,1.2462,4.91,37.045,7.236
29.447,29.447,15.156,0,9.57,1.0226,6.48,36.699,1.597
29.857,29.857,13.667,0.6176,12.124,3.0995,6.77,40.413,40.158
34.371,34.371,12.087,0,23.398,1.9106,7.2,37.779,20.914
33.738,33.738,8.01,0,31.421,4.0227,5.71,35.173,27.19
31.119,31.119,8.062,0,29.952,4.2353,5.11,36.431,63.139
31.186,31.186,10.512,0,25.836,1.3772,5.15,35.211,6.584
27.756,27.756,14.838,0,13.299,1.0006,4.71,29.794,3.278
20.781,20.781,17.962,0.0007,8.414,0,3.57,23.84,0
15.658,15.658,16.345,2.6967,7.915,1.0065,2.58,23.483,3.15
15.738,15.738,15.441,0,7.513,1.0618,2.68,26.346,3.804
18.628,18.628,15.38,0,8.562,1.0001,3.52,30.551,5.586
22.877,22.877,15.276,0.0001,7.712,1.9151,4.79,37.922,18.546
30.097,30.097,15.629,0,9.552,1.0226,6.67,43.087,4.289
35.788,35.788,14.526,0,14.825,1.0001,7.86,39.212,2.29
33.25,33.25,11.92,0.0249,22.639,2.8077,6.98,33.991,46.775
29.67,29.67,8.593,0.102,27.111,8.0159,5.44,32.231,142.406
28.377,28.377,7.622,0.0681,27.575,7.7977,4.69,34.229,198.558
29.304,29.304,9.752,0,24.42,4.4752,4.78,33.736,85.279
25.952,25.952,15.467,0.0961,12.255,1.0132,4.64,29.056,8.137
20.663,20.663,16.742,0,8.276,0,3.43,24.545,0
16.365,16.365,16.346,0.4653,8.141,0.6403,2.65,20.995,0.641
13.379,13.379,15.255,5.2988,6.868,1.8546,2.47,23.728,26.179
16.466,16.466,14.493,0.8219,7.694,0.9416,3.21,30.255,1.103
22.253,22.253,15.918,0.1296,7.712,1.2482,4.82,35.627,7.013
27.686,27.686,15.826,0.6143,8.309,0,6.38,40.903,0
33.905,33.905,13.939,0,13.047,1.0001,7.41,38.726,1.379
32.966,32.966,11.52,0.1486,21.14,1.4296,6.83,34.842,11.513
30.289,30.289,9.077,0,26.945,7.3574,5.67,32.488,94.862
28.516,28.516,7.961,0.0214,27.407,6.5305,4.81,33.946,133.968
28.719,28.719,10.454,0.0285,22.964,2.7655,4.89,33.97,43.471
26.302,26.302,15.266,0.036,12.255,0.6518,4.63,29.351,0.652
21.124,21.124,16.352,0,8.276,1.0001,3.45,23.143,6.779
15.163,15.163,15.879,2.492,7.912,0.9703,2.51,24.052,1.326
16.292,16.292,15.457,0,8.577,0,2.73,24.053,0
16.436,16.436,15.179,0.3197,7.675,1.539,3.28,28.884,23.138
21.11,21.11,15.477,0.4649,6.881,0.7027,4.63,36.388,0.705
28.729,28.729,15.286,0.092,8.469,1.0226,6.41,40.028,2.128
33.03,33.03,13.939,0,12.753,2.6214,7.31,39.805,44.142
33.99,33.99,11.602,0,22.52,2.177,6.98,33.983,25.576
29.415,29.415,9.077,0.1285,26.94,6.8678,5.57,32.8,111.256
28.793,28.793,7.961,0.0505,27.642,7.5359,4.82,33.656,157.021
28.229,28.229,10.753,0.0016,23.187,4.6575,4.92,32.79,93.476
25.291,25.291,14.98,0.4241,12.252,0.3381,4.48,28.971,0.338
20.706,20.706,16.474,0,8.276,1.0001,3.42,23.629,3.478
15.732,15.732,15.76,1.8541,7.912,1.0095,2.55,22.065,12.725
14.22,14.22,15.642,3.5206,7.184,0,2.57,24.999,0
17.319,17.319,15.378,0.0376,7.853,1.4506,3.38,30.738,13.721
22.864,22.864,15.678,0.001,7.712,0.7027,4.86,35.409,0.704
27.668,27.668,15.403,0.485,8.309,1.0946,6.28,40.655,1.106
33.428,33.428,14.426,0,13.37,2.315,7.47,39.821,28.462
33.794,33.794,12.026,0,23.023,2.6164,7.09,36.795,36.899
32.352,32.352,8.878,0,28.608,6.6741,5.85,33.074,99.019
29.022,29.022,8.062,0.0079,27.407,5.4308,4.9,34.317,103.681
29.089,29.089,10.454,0,23.215,2.5308,4.93,33.371,36.798
25.689,25.689,15.367,0.4277,12.255,0.4304,4.59,28.435,0.431
20.122,20.122,16.576,0.0022,8.19,1.0001,3.36,24.195,11.791
16.014,16.014,16.346,0.9449,8.056,1.0068,2.62,22.687,15.811
14.844,14.844,15.642,2.7861,7.369,1.2619,2.62,23.762,8.015
16.045,16.045,15.378,1.2781,7.094,1.5209,3.26,30.207,19.913
22.333,22.333,15.678,0.0626,7.398,1.0548,4.79,35.916,1.058
28.189,28.189,15.403,0.2693,8.128,1.0226,6.37,39.571,3.211
32.344,32.344,14.426,0.1057,12.672,1.5916,7.32,41.065,8.864
35.02,35.02,12.087,0,24.513,1.0304,7.28,34.38,5.406
29.927,29.927,8.878,0.0728,26.958,5.0291,5.56,32.69,80.625
28.637,28.637,8.062,0.1182,27.404,6.364,4.84,33.212,124.749
27.986,27.986,10.454,0.3684,22.256,4.4658,4.8,33.275,73.147
25.592,25.592,15.367,0.252,12.255,1.0708,4.58,28.401,9.881
20.09,20.09,16.576,0.0011,8.276,1.0001,3.37,24.95,24.905
16.768,16.768,16.346,0.1121,8.074,0,2.69,22.406,0
14.563,14.563,15.642,2.491,7.369,1.0624,2.59,26.405,2.564
18.688,18.688,15.378,0,8.335,1.0001,3.52,29.3,3.835
21.426,21.426,15.678,0.4154,7.089,1.0133,4.69,36.755,2.181
29.014,29.014,15.403,0.0999,8.053,1.0226,6.48,41.438,2.625
34.211,34.211,14.426,0,13.959,1.3905,7.6,39.539,9.572
33.493,33.493,12.087,0,21.898,3.9125,7.07,34.293,80.343
29.841,29.841,8.878,0.1232,26.874,10.0759,5.56,34.711,274.006
30.659,30.659,8.062,0,27.601,4.6484,5.06,33.224,69.516
27.997,27.997,10.454,0.2581,22.604,3.9303,4.8,34.225,84.265
26.541,26.541,15.367,0.0004,12.341,1.0132,4.69,29.633,6.048
21.35,21.35,16.576,0,8.503,0.7607,3.48,24.129,0.883
15.948,15.948,16.346,0.2206,8.66,0,2.61,23.453,0
15.608,15.608,15.642,0.0577,7.868,1.575,2.68,24.55,18.419
16.871,16.871,15.378,0.3253,7.595,1.0001,3.33,32.423,1.699
24.55,24.55,15.678,0,8.413,1.0133,5.08,35.356,4.798
27.615,27.615,15.403,0.5791,8.309,1.0226,6.27,41.335,5.2
34.108,34.108,14.426,0,14.031,1.5908,7.58,40.319,17.963
34.274,34.274,12.087,0,23.398,2.2661,7.19,33.69,31.09
29.221,29.221,8.878,0.1553,25.646,10.5588,5.47,32.307,293.414
28.254,28.254,8.062,0.2252,27.407,7.382,4.81,33.172,180.737
27.945,27.945,10.454,0.347,21.77,2.8843,4.8,33.264,26.3
25.58,25.58,15.367,0.4938,12.221,0,4.57,28.835,0
20.524,20.524,16.576,0,8.303,0,3.41,24.213,0
16.03,16.03,16.346,1.2331,7.912,0.1186,2.62,21.447,0.118
13.62,13.62,15.642,4.1689,7.23,1.8617,2.53,24.918,20.247
17.202,17.202,15.378,0,7.595,1.6003,3.36,29.406,16.936
21.531,21.531,15.678,0.2774,7.37,1.3348,4.71,35.964,9.781
28.223,28.223,15.403,0.3688,8.91,1.0226,6.37,41.474,3.605
34.245,34.245,14.426,0,14.369,0.6397,7.6,41.746,0.707
35.742,35.742,11.964,0,24.952,2.1335,7.35,35.473,25.699
31.003,31.003,8.878,0,27.223,10.175,5.69,31.83,231.337
27.776,27.776,8.062,0.2495,27.317,7.4129,4.76,34.464,220.99
29.236,29.236,10.454,0,24.204,3.2405,4.94,34.649,57.744
26.967,26.967,15.367,0,12.87,1.0187,4.71,28.934,6.118
20.623,20.623,16.576,0,8.276,0.9453,3.41,24.371,1.117
16.191,16.191,16.346,0.1204,8.247,0.2077,2.63,22.126,0.207
14.281,14.281,15.642,3.3704,7.369,1.0624,2.58,25.352,4.225
17.634,17.634,15.378,0,7.656,1.0592,3.43,32.043,7.019
24.243,24.243,15.539,0,8.727,1.0133,5.02,36.915,5.479
29.189,29.189,15.403,0,9.008,1.0226,6.5,39.941,3.936
32.716,32.716,14.387,0.1487,12.984,1.7872,7.37,37.761,22.262
31.701,31.701,12.085,0.4495,21.303,5.1296,6.82,35.524,170.871
31.07,31.07,8.878,0,26.973,7.2159,5.7,32.592,149.004
28.559,28.559,8.004,0.1497,26.965,9.3177,4.82,33.717,222.09
28.489,28.489,10.454,0.0574,22.991,3.1153,4.87,33.485,42.08
25.801,25.801,15.367,0.1875,12.255,1.0132,4.59,28.211,4.787
19.927,19.927,16.573,0.0023,7.962,0,3.34,23.045,0
14.864,14.864,16.346,3.6635,7.396,0,2.54,21.684,0
13.759,13.759,15.809,4.7335,7.369,1.0706,2.55,25.011,5.302
17.294,17.294,15.378,0.1728,7.595,0.9483,3.39,30.117,1.412
22.243,22.243,15.678,0.1583,7.712,1.0133,4.79,34.415,2.83
26.689,26.689,15.403,0.9607,7.608,2.2006,6.15,37.568,20.4
30.34,30.34,14.426,0.6297,11.711,2.5179,7.01,37.36,38.425
31.299,31.299,12.087,0.5341,20.214,3.9454,6.76,35.458,108.873
31.086,31.086,8.777,0,26.94,6.2467,5.67,32.932,70.313
28.877,28.877,8.062,0.0917,27.276,8.2078,4.88,34.008,156.486
28.781,28.781,10.454,0,22.863,3.0911,4.9,31.388,33.932
23.605,23.605,15.467,1.1885,11.012,1.2191,4.38,27.8,23.213
19.488,19.488,16.576,0.0021,8.276,1.0001,3.31,21.778,21.737
13.595,13.595,16.346,7.1029,7.077,1.0061,2.44,22.116,9.676
14.32,14.32,15.543,4.1449,7.002,0,2.58,25.486,0
17.725,17.725,15.478,0,7.611,1.0001,3.44,29.044,18.433
21.169,21.169,15.678,0.4026,7.147,1.1114,4.65,36.915,6.865
29.189,29.189,15.403,0,9.007,1.1336,6.5,41.143,23.056
33.915,33.915,14.426,0,14.069,1.0268,7.54,39.298,7.63
33.295,33.295,11.964,0,22.364,3.4826,7.01,35.048,88.086
30.58,30.58,8.878,0,26.958,7.5135,5.66,34.025,163.17
29.973,29.973,8.062,0,28.751,5.7515,4.99,34.277,96.501
29.133,29.133,10.284,0,22.863,3.99,4.89,33.877,117.774
26.195,26.195,15.367,0.0027,12.255,1.148,4.63,29.689,18.101
21.224,21.224,16.877,0,8.296,1.0001,3.51,24.242,17.01
16.079,16.079,16.346,2.144,8.354,0.9832,2.62,21.769,3.66
13.945,13.945,15.603,4.7757,7.369,1.6537,2.55,25.443,19.783
17.726,17.726,15.378,0,7.594,1.0001,3.44,31.441,7.526
23.566,23.566,15.678,0,8.189,0.0002,4.96,38.017,0
30.358,30.358,15.221,0,10.034,0,6.63,40.643,0
33.414,33.414,14.426,0,13.617,1.2844,7.47,38.9,26.037
32.838,32.838,12.087,0.148,21.375,3.2223,6.97,35.473,39.133
31.003,31.003,8.878,0,26.912,5.775,5.69,33.584,112.58
29.53,29.53,8.062,0,28.043,5.8151,4.94,34.563,62.106
29.434,29.434,10.254,0,23.097,2.96,4.92,34.453,25.147
26.798,26.798,15.266,0,12.524,1.1313,4.68,30.864,7.725
22.554,22.554,16.576,0,8.947,0,3.58,24.201,0
16.077,16.077,16.22,1.5433,8.093,0,2.61,22.799,0
14.955,14.955,15.642,2.257,7.676,1.289,2.64,24.292,7.003
16.575,16.575,15.378,0.9656,7.27,1.0002,3.32,30.668,21.378
22.795,22.795,15.678,0.0225,7.712,1.0189,4.86,38.489,3.854
30.831,30.831,15.286,0,9.751,0.783,6.71,41.549,0.877
34.322,34.322,14.426,0,14.046,1.6278,7.6,38.58,10.832
32.536,32.536,12.087,0.1229,20.958,1.6768,6.94,34.356,52.439
29.921,29.921,8.878,0.133,26.973,9.8241,5.56,33.458,262.48
29.403,29.403,8.062,0,28.071,4.2998,4.93,34.282,61.758
29.054,29.054,10.454,0,22.863,1.1245,4.92,34.543,7.693
26.888,26.888,15.3,0,12.529,0,4.7,30.087,0
21.776,21.776,16.576,0,9.017,1.0001,3.52,24.644,5.356
16.463,16.463,16.307,0,8.514,1.0014,2.66,21.873,9.534
14.076,14.076,15.543,4.2972,7.369,1.0624,2.55,25.635,2.425
17.892,17.892,15.405,0,7.667,1.0001,3.45,31.148,4.373
23.274,23.274,15.717,0,7.712,1.0133,4.92,36.316,1.599
28.575,28.575,15.403,0.0046,8.627,1.4943,6.42,39.876,20.916
32.648,32.648,14.426,0.0352,13.011,3.1798,7.36,37.37,63.465
31.307,31.307,12.087,0.5555,19.778,3.9152,6.77,34.378,84.585
29.909,29.909,8.878,0.1588,26.503,7.3003,5.57,33.157,116.601
29.149,29.149,7.977,0,27.478,5.7891,4.88,36.049,124.629
30.959,30.959,10.115,0,24.593,2.266,5.04,34.991,35.736
27.308,27.308,15.367,0,13.256,1.0241,4.74,29.89,5.327
21.623,21.623,16.474,0,8.634,0,3.5,24.669,0
16.487,16.487,16.346,0.1002,8.514,0,2.67,22.489,0
14.644,14.644,15.642,1.734,7.596,1.0624,2.61,25.11,3.384
17.392,17.392,15.378,0.4827,7.595,1.0001,3.4,31.875,4.918
24.018,24.018,15.678,0,8.413,1.0133,5.01,38.122,1.843
30.379,30.379,15.403,0,9.61,1.019,6.66,41.176,2.882
33.949,33.949,14.426,0,14.112,1.002,7.55,39.983,3.436
33.94,33.94,12.087,0,22.65,2.3224,7.14,36.233,22.601
31.764,31.764,8.878,0,28.519,2.0846,5.78,34.16,2.851
30.106,30.106,8.062,0,29.075,4.1869,5.01,33.709,51.208
28.482,28.482,10.454,0.0364,23.659,2.9363,4.86,34.478,51.323
26.795,26.795,15.367,0,12.255,0.2015,4.7,29.812,0.201
21.5,21.5,16.576,0,8.51,1.0001,3.5,24.939,8.922
16.756,16.756,16.346,0,8.415,1.0014,2.68,,18.066
